job_run_at,station_id,groups,num_bikes_available,num_bikes_disabled,num_docks_available,num_docks_disabled,status_last_reported_utc
2025-05-02 02:50:34.148454+00:00,2,RETIRO,6,8,26,0,
2025-05-02 02:50:34.148454+00:00,3,MONSERRAT,6,3,19,0,
2025-05-02 02:50:34.148454+00:00,4,SAN NICOLAS,0,1,19,1,
2025-05-02 02:50:34.148454+00:00,5,PALERMO,18,2,22,1,
2025-05-02 02:50:34.148454+00:00,6,SAN TELMO,14,1,5,0,
2025-05-02 02:50:34.148454+00:00,7,SAN NICOLAS,0,0,24,0,
2025-05-02 02:50:34.148454+00:00,8,SAN NICOLAS,1,1,22,2,
2025-05-02 02:50:34.148454+00:00,9,PALERMO,11,4,9,0,
2025-05-02 02:50:34.148454+00:00,12,RECOLETA,2,3,11,1,
2025-05-02 02:50:34.148454+00:00,13,BALVANERA,1,0,29,0,
2025-05-02 02:50:34.148454+00:00,14,PALERMO,13,1,16,0,
2025-05-02 02:50:34.148454+00:00,17,ALMAGRO,2,4,14,0,
2025-05-02 02:50:34.148454+00:00,21,PARQUE PATRICIOS,12,6,6,0,
2025-05-02 02:50:34.148454+00:00,22,RETIRO,1,1,18,0,
2025-05-02 02:50:34.148454+00:00,24,MONSERRAT,3,0,15,0,
2025-05-02 02:50:34.148454+00:00,25,PALERMO,2,5,23,0,
2025-05-02 02:50:34.148454+00:00,26,PUERTO MADERO,1,2,27,0,
2025-05-02 02:50:34.148454+00:00,27,SAN NICOLAS,0,4,16,1,
2025-05-02 02:50:34.148454+00:00,29,CABALLITO,8,1,21,0,
2025-05-02 02:50:34.148454+00:00,32,SAN NICOLAS,0,2,16,0,
2025-05-02 02:50:34.148454+00:00,33,RECOLETA,2,2,16,2,
2025-05-02 02:50:34.148454+00:00,35,RETIRO,0,9,23,0,
2025-05-02 02:50:34.148454+00:00,36,SAN NICOLAS,1,2,9,0,
2025-05-02 02:50:34.148454+00:00,38,RETIRO,5,4,11,0,
2025-05-02 02:50:34.148454+00:00,41,PARQUE PATRICIOS,8,2,10,0,
2025-05-02 02:50:34.148454+00:00,43,RECOLETA,5,5,10,0,
2025-05-02 02:50:34.148454+00:00,44,PALERMO,0,2,18,0,
2025-05-02 02:50:34.148454+00:00,45,SAN NICOLAS,1,5,14,0,
2025-05-02 02:50:34.148454+00:00,46,SAN TELMO,11,1,6,0,
2025-05-02 02:50:34.148454+00:00,48,PUERTO MADERO,10,0,6,0,
2025-05-02 02:50:34.148454+00:00,49,BOEDO,9,3,4,0,
2025-05-02 02:50:34.148454+00:00,50,PALERMO,1,0,19,0,
2025-05-02 02:50:34.148454+00:00,54,ALMAGRO,8,6,6,0,
2025-05-02 02:50:34.148454+00:00,56,PALERMO,5,0,15,1,
2025-05-02 02:50:34.148454+00:00,57,MONSERRAT,1,4,7,0,
2025-05-02 02:50:34.148454+00:00,58,PALERMO,10,1,9,0,
2025-05-02 02:50:34.148454+00:00,59,MONSERRAT,5,0,15,0,
2025-05-02 02:50:34.148454+00:00,60,SAN NICOLAS,1,5,14,0,
2025-05-02 02:50:34.148454+00:00,61,MONTE CASTRO,8,3,1,0,
2025-05-02 02:50:34.148454+00:00,63,SAN NICOLAS,2,8,18,0,
2025-05-02 02:50:34.148454+00:00,64,RECOLETA,1,4,15,0,
2025-05-02 02:50:34.148454+00:00,65,PALERMO,0,3,17,0,
2025-05-02 02:50:34.148454+00:00,66,RECOLETA,7,1,12,0,
2025-05-02 02:50:34.148454+00:00,68,SAAVEDRA,14,1,1,0,
2025-05-02 02:50:34.148454+00:00,69,RECOLETA,0,5,11,0,
2025-05-02 02:50:34.148454+00:00,70,PALERMO,4,1,19,0,
2025-05-02 02:50:34.148454+00:00,71,SAN NICOLAS,3,4,23,0,
2025-05-02 02:50:34.148454+00:00,73,BOCA,6,5,9,0,
2025-05-02 02:50:34.148454+00:00,74,CABALLITO,3,9,18,0,
2025-05-02 02:50:34.148454+00:00,75,BALVANERA,6,11,3,0,
2025-05-02 02:50:34.148454+00:00,76,BALVANERA,2,6,12,0,
2025-05-02 02:50:34.148454+00:00,77,VILLA PUYRREDON,3,4,9,0,
2025-05-02 02:50:34.148454+00:00,79,PUERTO MADERO,3,1,26,0,
2025-05-02 02:50:34.148454+00:00,80,CABALLITO,11,0,1,0,
2025-05-02 02:50:34.148454+00:00,82,ALMAGRO,5,0,15,0,
2025-05-02 02:50:34.148454+00:00,83,SAN NICOLAS,0,0,28,0,
2025-05-02 02:50:34.148454+00:00,85,RECOLETA,0,2,18,0,
2025-05-02 02:50:34.148454+00:00,86,SAN CRISTOBAL,1,0,19,0,
2025-05-02 02:50:34.148454+00:00,87,CABALLITO,5,9,2,0,
2025-05-02 02:50:34.148454+00:00,89,PALERMO,0,2,18,0,
2025-05-02 02:50:34.148454+00:00,91,BALVANERA,3,0,21,0,
2025-05-02 02:50:34.148454+00:00,92,PARQUE PATRICIOS,13,1,6,0,
2025-05-02 02:50:34.148454+00:00,93,SAN CRISTOBAL,4,0,16,1,
2025-05-02 02:50:34.148454+00:00,94,,0,0,30,0,
2025-05-02 02:50:34.148454+00:00,96,BALVANERA,8,4,4,0,
2025-05-02 02:50:34.148454+00:00,98,MONSERRAT,0,0,16,0,
2025-05-02 02:50:34.148454+00:00,99,VILLA CRESPO,1,1,18,0,
2025-05-02 02:50:34.148454+00:00,101,ZONA 1,4,0,16,0,
2025-05-02 02:50:34.148454+00:00,102,ZONA 1,7,0,13,0,
2025-05-02 02:50:34.148454+00:00,104,ZONA 1,5,2,23,0,
2025-05-02 02:50:34.148454+00:00,107,PARQUE PATRICIOS,3,0,13,0,
2025-05-02 02:50:34.148454+00:00,111,PUERTO MADERO,3,1,26,1,
2025-05-02 02:50:34.148454+00:00,112,MONSERRAT,5,2,13,0,
2025-05-02 02:50:34.148454+00:00,114,RETIRO,1,0,15,0,
2025-05-02 02:50:34.148454+00:00,116,RECOLETA,6,4,2,0,
2025-05-02 02:50:34.148454+00:00,117,SAN TELMO,2,7,11,0,
2025-05-02 02:50:34.148454+00:00,118,BALVANERA,1,2,17,0,
2025-05-02 02:50:34.148454+00:00,120,BALVANERA,1,0,19,0,
2025-05-02 02:50:34.148454+00:00,121,ALMAGRO,8,0,12,0,
2025-05-02 02:50:34.148454+00:00,122,PALERMO,3,2,11,0,
2025-05-02 02:50:34.148454+00:00,124,PALERMO,3,2,15,1,
2025-05-02 02:50:34.148454+00:00,126,BOCA,10,3,3,0,
2025-05-02 02:50:34.148454+00:00,128,SAN NICOLAS,1,5,22,1,
2025-05-02 02:50:34.148454+00:00,130,RETIRO,7,3,30,0,
2025-05-02 02:50:34.148454+00:00,131,RECOLETA,3,6,7,3,
2025-05-02 02:50:34.148454+00:00,132,SAN NICOLAS,2,2,8,0,
2025-05-02 02:50:34.148454+00:00,134,VILLA LUGANO,0,0,12,0,
2025-05-02 02:50:34.148454+00:00,135,SAN NICOLAS,1,4,15,0,
2025-05-02 02:50:34.148454+00:00,137,MONSERRAT,2,4,18,0,
2025-05-02 02:50:34.148454+00:00,138,BARRACAS,3,0,9,0,
2025-05-02 02:50:34.148454+00:00,144,BALVANERA,1,4,15,0,
2025-05-02 02:50:34.148454+00:00,146,SAN CRISTOBAL,2,1,17,0,
2025-05-02 02:50:34.148454+00:00,148,PARQUE AVELLANEDA,9,0,7,0,
2025-05-02 02:50:34.148454+00:00,149,MONSERRAT,1,0,15,0,
2025-05-02 02:50:34.148454+00:00,150,PUERTO MADERO,5,0,31,0,
2025-05-02 02:50:34.148454+00:00,151,PUERTO MADERO,1,3,20,0,
2025-05-02 02:50:34.148454+00:00,152,PUERTO MADERO,11,3,14,0,
2025-05-02 02:50:34.148454+00:00,153,BOCA,18,1,1,0,
2025-05-02 02:50:34.148454+00:00,155,NUEVA POMPEYA,10,0,2,0,
2025-05-02 02:50:34.148454+00:00,156,PALERMO,0,4,16,0,
2025-05-02 02:50:34.148454+00:00,158,ZONA 1,2,0,18,0,
2025-05-02 02:50:34.148454+00:00,161,ALMAGRO,2,2,16,0,
2025-05-02 02:50:34.148454+00:00,162,BALVANERA,2,0,18,0,
2025-05-02 02:50:34.148454+00:00,163,BALVANERA,5,3,22,0,
2025-05-02 02:50:34.148454+00:00,164,SAN TELMO,7,6,7,0,
2025-05-02 02:50:34.148454+00:00,165,RECOLETA,2,2,8,0,
2025-05-02 02:50:34.148454+00:00,166,RECOLETA,6,3,3,0,
2025-05-02 02:50:34.148454+00:00,167,VILLA CRESPO,3,1,20,0,
2025-05-02 02:50:34.148454+00:00,168,CONSTITUCION,4,2,14,0,
2025-05-02 02:50:34.148454+00:00,169,ALMAGRO,3,3,14,0,
2025-05-02 02:50:34.148454+00:00,171,BALVANERA,1,2,17,0,
2025-05-02 02:50:34.148454+00:00,172,SAN TELMO,5,4,7,1,
2025-05-02 02:50:34.148454+00:00,174,RECOLETA,0,5,15,0,
2025-05-02 02:50:34.148454+00:00,175,CONSTITUCION,39,4,11,0,
2025-05-02 02:50:34.148454+00:00,176,SAAVEDRA,4,1,11,0,
2025-05-02 02:50:34.148454+00:00,177,PALERMO,2,2,8,0,
2025-05-02 02:50:34.148454+00:00,179,BOCA,11,4,1,0,
2025-05-02 02:50:34.148454+00:00,181,RECOLETA,4,1,15,0,
2025-05-02 02:50:34.148454+00:00,182,PALERMO,7,1,12,0,
2025-05-02 02:50:34.148454+00:00,183,MONSERRAT,5,2,20,0,
2025-05-02 02:50:34.148454+00:00,184,PARQUE PATRICIOS,4,1,15,0,
2025-05-02 02:50:34.148454+00:00,186,BALVANERA,1,0,19,0,
2025-05-02 02:50:34.148454+00:00,187,BELGRANO,2,0,14,0,
2025-05-02 02:50:34.148454+00:00,188,CONSTITUCION,5,0,19,0,
2025-05-02 02:50:34.148454+00:00,189,RETIRO,1,2,17,0,
2025-05-02 02:50:34.148454+00:00,190,PALERMO,5,0,14,1,
2025-05-02 02:50:34.148454+00:00,191,SAN NICOLAS,0,2,14,0,
2025-05-02 02:50:34.148454+00:00,193,RECOLETA,1,1,18,1,
2025-05-02 02:50:34.148454+00:00,194,ALMAGRO,1,3,12,0,
2025-05-02 02:50:34.148454+00:00,196,BOCA,15,1,4,0,
2025-05-02 02:50:34.148454+00:00,197,FLORESTA,8,1,11,0,
2025-05-02 02:50:34.148454+00:00,199,BOEDO,12,2,6,0,
2025-05-02 02:50:34.148454+00:00,200,RECOLETA,2,1,13,2,
2025-05-02 02:50:34.148454+00:00,202,RECOLETA,6,2,22,0,
2025-05-02 02:50:34.148454+00:00,203,BOCA,6,0,18,0,
2025-05-02 02:50:34.148454+00:00,204,ALMAGRO,5,4,15,0,
2025-05-02 02:50:34.148454+00:00,206,PALERMO,6,1,9,0,
2025-05-02 02:50:34.148454+00:00,207,MATADEROS,15,1,0,0,
2025-05-02 02:50:34.148454+00:00,208,PALERMO,3,0,17,0,
2025-05-02 02:50:34.148454+00:00,210,PALERMO,6,0,14,1,
2025-05-02 02:50:34.148454+00:00,212,VILLA CRESPO,1,0,19,1,
2025-05-02 02:50:34.148454+00:00,213,VILLA CRESPO,1,0,19,0,
2025-05-02 02:50:34.148454+00:00,215,PALERMO,4,3,13,0,
2025-05-02 02:50:34.148454+00:00,216,PALERMO,2,2,16,0,
2025-05-02 02:50:34.148454+00:00,219,BOEDO,11,2,11,0,
2025-05-02 02:50:34.148454+00:00,220,PARQUE CHACABUCO,2,2,12,0,
2025-05-02 02:50:34.148454+00:00,222,PALERMO,2,2,15,0,
2025-05-02 02:50:34.148454+00:00,223,BOEDO,6,3,7,0,
2025-05-02 02:50:34.148454+00:00,227,CABALLITO,4,2,14,1,
2025-05-02 02:50:34.148454+00:00,228,PUERTO MADERO,3,5,8,0,
2025-05-02 02:50:34.148454+00:00,229,ZONA 1,4,0,8,0,
2025-05-02 02:50:34.148454+00:00,230,BELGRANO,7,2,7,0,
2025-05-02 02:50:34.148454+00:00,231,VILLA CRESPO,6,1,9,0,
2025-05-02 02:50:34.148454+00:00,232,COGHLAN,5,0,15,1,
2025-05-02 02:50:34.148454+00:00,234,BELGRANO,1,2,17,1,
2025-05-02 02:50:34.148454+00:00,235,VILLA URQUIZA,3,0,21,0,
2025-05-02 02:50:34.148454+00:00,236,BELGRANO,3,3,10,0,
2025-05-02 02:50:34.148454+00:00,237,VILLA LURO,12,1,3,0,
2025-05-02 02:50:34.148454+00:00,239,PALERMO,0,2,18,0,
2025-05-02 02:50:34.148454+00:00,241,VILLA DEL PARQUE,4,3,5,0,
2025-05-02 02:50:34.148454+00:00,242,PALERMO,3,0,29,0,
2025-05-02 02:50:34.148454+00:00,245,BELGRANO,13,0,3,0,
2025-05-02 02:50:34.148454+00:00,247,VILLA ORTUZAR,4,0,14,0,
2025-05-02 02:50:34.148454+00:00,248,VILLA URQUIZA,8,2,14,0,
2025-05-02 02:50:34.148454+00:00,251,PARQUE PATRICIOS,3,1,8,1,
2025-05-02 02:50:34.148454+00:00,252,BARRACAS,18,4,2,0,
2025-05-02 02:50:34.148454+00:00,253,ALMAGRO,0,0,16,0,
2025-05-02 02:50:34.148454+00:00,254,CABALLITO,9,0,7,0,
2025-05-02 02:50:34.148454+00:00,255,CABALLITO,3,0,17,0,
2025-05-02 02:50:34.148454+00:00,257,VILLA URQUIZA,5,0,11,0,
2025-05-02 02:50:34.148454+00:00,258,BELGRANO,0,1,15,0,
2025-05-02 02:50:34.148454+00:00,259,BELGRANO,14,0,2,0,
2025-05-02 02:50:34.148454+00:00,260,BELGRANO,1,1,10,0,
2025-05-02 02:50:34.148454+00:00,261,CABALLITO,12,0,4,0,
2025-05-02 02:50:34.148454+00:00,262,VILLA GENERAL MITRE,9,1,6,0,
2025-05-02 02:50:34.148454+00:00,263,FLORES,8,3,9,0,
2025-05-02 02:50:34.148454+00:00,264,SAAVEDRA,1,0,15,0,
2025-05-02 02:50:34.148454+00:00,265,FLORES,15,1,4,0,
2025-05-02 02:50:34.148454+00:00,267,VILLA DEVOTO,1,1,14,0,
2025-05-02 02:50:34.148454+00:00,268,SAAVEDRA,21,2,13,1,
2025-05-02 02:50:34.148454+00:00,269,COLEGIALES,5,0,13,0,
2025-05-02 02:50:34.148454+00:00,270,PARQUE CHACABUCO,10,2,8,0,
2025-05-02 02:50:34.148454+00:00,271,FLORES,10,2,8,0,
2025-05-02 02:50:34.148454+00:00,273,CABALLITO,10,4,2,0,
2025-05-02 02:50:34.148454+00:00,275,BELGRANO,7,1,12,0,
2025-05-02 02:50:34.148454+00:00,277,PALERMO,2,0,16,0,
2025-05-02 02:50:34.148454+00:00,278,COGHLAN,3,1,12,0,
2025-05-02 02:50:34.148454+00:00,280,PARQUE CHACABUCO,16,3,1,0,
2025-05-02 02:50:34.148454+00:00,281,CABALLITO,12,9,3,0,
2025-05-02 02:50:34.148454+00:00,284,PARQUE CHACABUCO,20,0,0,0,
2025-05-02 02:50:34.148454+00:00,289,BELGRANO,12,2,10,0,
2025-05-02 02:50:34.148454+00:00,291,MONSERRAT,1,0,15,0,
2025-05-02 02:50:34.148454+00:00,299,FLORES,8,0,12,0,
2025-05-02 02:50:34.148454+00:00,301,VILLA SOLDATI,3,0,17,0,
2025-05-02 02:50:34.148454+00:00,302,NUEVA POMPEYA,13,3,0,0,
2025-05-02 02:50:34.148454+00:00,304,AGRONOMIA,1,0,19,1,
2025-05-02 02:50:34.148454+00:00,307,NUEVA POMPEYA,10,1,1,0,
2025-05-02 02:50:34.148454+00:00,308,PALERMO,1,2,17,0,
2025-05-02 02:50:34.148454+00:00,309,VILLA REAL,12,1,3,0,
2025-05-02 02:50:34.148454+00:00,310,VILLA LUGANO,2,0,10,0,
2025-05-02 02:50:34.148454+00:00,311,PATERNAL,2,2,12,0,
2025-05-02 02:50:34.148454+00:00,316,VILLA CRESPO,7,0,21,0,
2025-05-02 02:50:34.148454+00:00,318,VILLA CRESPO,14,1,5,0,
2025-05-02 02:50:34.148454+00:00,322,BELGRANO,0,0,20,0,
2025-05-02 02:50:34.148454+00:00,323,BELGRANO,2,0,22,0,
2025-05-02 02:50:34.148454+00:00,324,VILLA URQUIZA,1,0,15,0,
2025-05-02 02:50:34.148454+00:00,327,VILLA LUGANO,2,0,10,0,
2025-05-02 02:50:34.148454+00:00,329,VILLA CRESPO,6,0,14,0,
2025-05-02 02:50:34.148454+00:00,330,PATERNAL,8,1,11,0,
2025-05-02 02:50:34.148454+00:00,333,DEVOTO,4,0,16,0,
2025-05-02 02:50:34.148454+00:00,335,VILLA GENERAL MITRE,12,2,6,0,
2025-05-02 02:50:34.148454+00:00,336,DEVOTO,12,0,16,0,
2025-05-02 02:50:34.148454+00:00,340,Nuñez,2,2,16,0,
2025-05-02 02:50:34.148454+00:00,342,VILLA SANTA RITA,11,2,7,0,
2025-05-02 02:50:34.148454+00:00,348,VILLA GENERAL MITRE,3,1,8,0,
2025-05-02 02:50:34.148454+00:00,349,BELGRANO,2,0,14,0,
2025-05-02 02:50:34.148454+00:00,353,PUERTO MADERO,3,1,24,0,
2025-05-02 02:50:34.148454+00:00,355,PALERMO,9,3,4,0,
2025-05-02 02:50:34.148454+00:00,358,BELGRANO,0,1,19,0,
2025-05-02 02:50:34.148454+00:00,359,BELGRANO,0,1,19,0,
2025-05-02 02:50:34.148454+00:00,361,COLEGIALES,4,2,10,0,
2025-05-02 02:50:34.148454+00:00,362,VILLA URQUIZA,3,1,8,0,
2025-05-02 02:50:34.148454+00:00,363,FLORES,13,0,3,0,
2025-05-02 02:50:34.148454+00:00,364,PALERMO,3,1,24,1,
2025-05-02 02:50:34.148454+00:00,366,VELEZ SARFIELD,5,0,7,0,
2025-05-02 02:50:34.148454+00:00,367,VILLA SANTA RITA,5,0,11,0,
2025-05-02 02:50:34.148454+00:00,368,AGRONOMIA,3,0,9,0,
2025-05-02 02:50:34.148454+00:00,369,AGRONOMIA,1,0,15,0,
2025-05-02 02:50:34.148454+00:00,370,AGRONOMIA,6,0,14,0,
2025-05-02 02:50:34.148454+00:00,371,FLORES,5,1,6,0,
2025-05-02 02:50:34.148454+00:00,372,FLORES,14,1,5,0,
2025-05-02 02:50:34.148454+00:00,373,PARQUE CHAS,0,1,19,0,
2025-05-02 02:50:34.148454+00:00,374,PARQUE AVELLANEDA,14,2,0,0,
2025-05-02 02:50:34.148454+00:00,375,VILLA DEL PARQUE,5,2,9,0,
2025-05-02 02:50:34.148454+00:00,376,FLORESTA,14,1,9,0,
2025-05-02 02:50:34.148454+00:00,378,FLORES,2,0,18,0,
2025-05-02 02:50:34.148454+00:00,379,PALERMO,2,5,13,1,
2025-05-02 02:50:34.148454+00:00,381,VILLA GENERAL MITRE,7,0,9,0,
2025-05-02 02:50:34.148454+00:00,382,VILLA DEL PARQUE,8,0,8,0,
2025-05-02 02:50:34.148454+00:00,383,VILLA URQUIZA,8,2,10,0,
2025-05-02 02:50:34.148454+00:00,384,VILLA ORTUZAR,3,0,15,0,
2025-05-02 02:50:34.148454+00:00,385,VILLA DEL PARQUE,3,6,7,0,
2025-05-02 02:50:34.148454+00:00,386,COGHLAN,4,2,2,0,
2025-05-02 02:50:34.148454+00:00,387,PATERNAL,8,0,8,0,
2025-05-02 02:50:34.148454+00:00,392,COGHLAN,2,2,12,0,
2025-05-02 02:50:34.148454+00:00,393,PATERNAL,7,0,13,0,
2025-05-02 02:50:34.148454+00:00,395,VILLA CRESPO,5,0,11,0,
2025-05-02 02:50:34.148454+00:00,400,VILLA ORTUZAR,2,0,18,0,
2025-05-02 02:50:34.148454+00:00,403,BARRACAS,15,2,3,0,
2025-05-02 02:50:34.148454+00:00,407,PARQUE AVELLANEDA,14,1,1,0,
2025-05-02 02:50:34.148454+00:00,408,VILLA URQUIZA,14,0,2,0,
2025-05-02 02:50:34.148454+00:00,412,VILLA SOLDATI,1,0,11,0,
2025-05-02 02:50:34.148454+00:00,413,MATADEROS,7,0,1,0,
2025-05-02 02:50:34.148454+00:00,414,CABALLITO,8,0,8,0,
2025-05-02 02:50:34.148454+00:00,416,Nuñez,2,1,17,0,
2025-05-02 02:50:34.148454+00:00,417,VILLA URQUIZA,5,0,15,0,
2025-05-02 02:50:34.148454+00:00,418,COLEGIALES,7,0,9,0,
2025-05-02 02:50:34.148454+00:00,420,BELGRANO,6,3,3,0,
2025-05-02 02:50:34.148454+00:00,422,SAAVEDRA,12,3,1,0,
2025-05-02 02:50:34.148454+00:00,423,SAAVEDRA,0,1,11,0,
2025-05-02 02:50:34.148454+00:00,424,PARQUE PATRICIOS,5,4,3,0,
2025-05-02 02:50:34.148454+00:00,425,NUEVA POMPEYA,20,0,0,0,
2025-05-02 02:50:34.148454+00:00,426,BELGRANO,1,3,16,0,
2025-05-02 02:50:34.148454+00:00,427,LINIERS,14,2,0,0,
2025-05-02 02:50:34.148454+00:00,428,PARQUE CHAS,2,0,18,0,
2025-05-02 02:50:34.148454+00:00,429,VILLA LURO,9,2,5,0,
2025-05-02 02:50:34.148454+00:00,431,BELGRANO,2,4,14,0,
2025-05-02 02:50:34.148454+00:00,432,CABALLITO,0,5,23,0,
2025-05-02 02:50:34.148454+00:00,433,BARRACAS,17,5,2,0,
2025-05-02 02:50:34.148454+00:00,434,Nuñez,1,1,18,0,
2025-05-02 02:50:34.148454+00:00,435,Nuñez,5,2,17,0,
2025-05-02 02:50:34.148454+00:00,436,PALERMO,6,0,10,0,
2025-05-02 02:50:34.148454+00:00,440,PALERMO,16,0,0,0,
2025-05-02 02:50:34.148454+00:00,444,SAN NICOLAS,5,1,18,0,
2025-05-02 02:50:34.148454+00:00,449,FLORES,6,0,14,0,
2025-05-02 02:50:34.148454+00:00,453,VELEZ SARFIELD,7,1,12,0,
2025-05-02 02:50:34.148454+00:00,454,VILLA LURO,4,1,7,1,
2025-05-02 02:50:34.148454+00:00,455,VERSALLES,10,3,3,0,
2025-05-02 02:50:34.148454+00:00,457,VERSALLES,9,0,7,0,
2025-05-02 02:50:34.148454+00:00,458,PARQUE CHACABUCO,5,4,11,0,
2025-05-02 02:50:34.148454+00:00,460,VILLA DEVOTO,3,0,13,0,
2025-05-02 02:50:34.148454+00:00,461,PARQUE CHAS,5,0,15,1,
2025-05-02 02:50:34.148454+00:00,464,BELGRANO,13,5,2,0,
2025-05-02 02:50:34.148454+00:00,465,VILLA DEVOTO,0,2,10,0,
2025-05-02 02:50:34.148454+00:00,466,ALMAGRO,5,4,11,0,
2025-05-02 02:50:34.148454+00:00,468,BALVANERA,0,5,3,0,
2025-05-02 02:50:34.148454+00:00,469,VILLA DEVOTO,3,2,11,0,
2025-05-02 02:50:34.148454+00:00,471,VILLA DEVOTO,0,2,10,0,
2025-05-02 02:50:34.148454+00:00,472,COLEGIALES,3,0,13,0,
2025-05-02 02:50:34.148454+00:00,473,VILLA SANTA RITA,6,3,3,0,
2025-05-02 02:50:34.148454+00:00,474,MONTE CASTRO,8,0,8,0,
2025-05-02 02:50:34.148454+00:00,475,VILLA LURO,3,3,6,0,
2025-05-02 02:50:34.148454+00:00,476,MONTE CASTRO,11,1,0,0,
2025-05-02 02:50:34.148454+00:00,477,PARQUE PATRICIOS,1,2,9,0,
2025-05-02 02:50:34.148454+00:00,478,COLEGIALES,1,2,9,0,
2025-05-02 02:50:34.148454+00:00,479,CABALLITO,18,0,6,0,
2025-05-02 02:50:34.148454+00:00,480,FLORESTA,8,1,3,0,
2025-05-02 02:50:34.148454+00:00,481,LINIERS,12,4,0,0,
2025-05-02 02:50:34.148454+00:00,482,PALERMO,5,1,6,0,
2025-05-02 02:50:34.148454+00:00,483,SAAVEDRA,0,1,11,0,
2025-05-02 02:50:34.148454+00:00,484,SAAVEDRA,3,0,9,0,
2025-05-02 02:50:34.148454+00:00,486,Nuñez,1,1,10,0,
2025-05-02 02:50:34.148454+00:00,487,BELGRANO,0,2,10,0,
2025-05-02 02:50:34.148454+00:00,488,VILLA URQUIZA,3,3,6,0,
2025-05-02 02:50:34.148454+00:00,489,BELGRANO,1,0,15,0,
2025-05-02 02:50:34.148454+00:00,490,PALERMO,12,4,0,0,
2025-05-02 02:50:34.148454+00:00,491,CABALLITO,7,2,7,1,
2025-05-02 02:50:34.148454+00:00,492,ALMAGRO,6,4,10,0,
2025-05-02 02:50:34.148454+00:00,493,PATERNAL,4,0,4,0,
2025-05-02 02:50:34.148454+00:00,494,VILLA DEVOTO,3,2,7,0,
2025-05-02 02:50:34.148454+00:00,496,VILLA PUYRREDON,3,1,8,0,
2025-05-02 02:50:34.148454+00:00,497,VILLA URQUIZA,0,3,9,0,
2025-05-02 02:50:34.148454+00:00,498,VILLA PUYRREDON,4,3,5,0,
2025-05-02 02:50:34.148454+00:00,499,CABALLITO,8,4,4,0,
2025-05-02 02:50:34.148454+00:00,500,Nuñez,0,3,13,1,
2025-05-02 02:50:34.148454+00:00,501,Nuñez,0,0,16,0,
2025-05-02 02:50:34.148454+00:00,502,SAAVEDRA,1,1,13,0,
2025-05-02 02:50:34.148454+00:00,503,CABALLITO,7,2,11,1,
2025-05-02 02:50:34.148454+00:00,504,FLORES,10,1,1,0,
2025-05-02 02:50:34.148454+00:00,505,VILLA SANTA RITA,12,0,4,0,
2025-05-02 02:50:34.148454+00:00,507,VILLA SOLDATI,5,1,10,1,
2025-05-02 02:50:34.148454+00:00,508,VILLA LURO,5,1,6,0,
2025-05-02 02:50:34.148454+00:00,509,VELEZ SARFIELD,10,1,1,0,
2025-05-02 02:50:34.148454+00:00,511,VILLA ORTUZAR,2,0,14,0,
2025-05-02 02:50:34.148454+00:00,512,PARQUE CHAS,1,3,16,0,
2025-05-02 02:50:34.148454+00:00,513,AGRONOMIA,10,0,2,0,
2025-05-02 02:50:34.148454+00:00,515,PALERMO,0,1,14,0,
2025-05-02 02:50:34.148454+00:00,516,PALERMO,3,4,13,0,
2025-05-02 02:50:34.148454+00:00,517,PALERMO,0,0,16,0,
2025-05-02 02:50:34.148454+00:00,518,PALERMO,4,2,6,0,
2025-05-02 02:50:34.148454+00:00,519,RETIRO,2,1,17,0,
2025-05-02 02:50:34.148454+00:00,520,VILLA SOLDATI,6,0,10,0,
2025-05-02 02:50:34.148454+00:00,521,PATERNAL,12,0,4,0,
2025-05-02 02:50:34.148454+00:00,522,VILLA CRESPO,1,2,13,0,
2025-05-02 02:50:34.148454+00:00,524,BELGRANO,2,3,7,0,
2025-05-02 02:50:34.148454+00:00,525,Nuñez,1,2,13,0,
2025-05-02 02:50:34.148454+00:00,526,Nuñez,0,1,11,0,
2025-05-02 02:50:34.148454+00:00,527,VILLA CRESPO,4,0,8,0,
2025-05-02 02:50:34.148454+00:00,528,VILLA LURO,9,0,7,0,
2025-05-02 02:50:34.148454+00:00,530,CABALLITO,7,0,13,0,
2025-05-02 02:50:34.148454+00:00,531,VERSALLES,3,3,14,0,
2025-05-02 02:50:34.148454+00:00,532,VILLA URQUIZA,17,1,2,0,
2025-05-02 02:50:34.148454+00:00,533,SAAVEDRA,2,2,16,1,
2025-05-02 02:50:34.148454+00:00,534,PALERMO,3,4,17,0,
2025-05-02 02:50:34.148454+00:00,535,VILLA CRESPO,5,0,15,0,
2025-05-02 02:50:34.148454+00:00,536,RETIRO,1,0,19,0,
2025-05-02 02:50:34.148454+00:00,537,COLEGIALES,3,2,7,0,
2025-05-02 02:50:34.148454+00:00,538,Nuñez,8,1,7,0,
2025-05-02 02:50:34.148454+00:00,539,CONSTITUCION,13,3,4,0,
2025-05-02 02:50:34.148454+00:00,540,PALERMO,6,3,9,0,
2025-05-02 02:50:34.148454+00:00,541,PALERMO,1,1,10,0,
2025-05-02 02:50:34.148454+00:00,542,PALERMO,2,5,9,0,
2025-05-02 02:50:34.148454+00:00,543,PUERTO MADERO,4,0,12,0,
2025-05-02 02:50:34.148454+00:00,544,SAN NICOLAS,0,9,15,1,
2025-05-02 02:50:34.148454+00:00,545,CABALLITO,7,4,9,0,
2025-05-02 02:50:34.148454+00:00,546,PARQUE CHACABUCO,16,0,0,0,
2025-05-02 02:50:34.148454+00:00,547,ALMAGRO,12,2,6,0,
2025-05-02 02:50:34.148454+00:00,548,VILLA RIACHUELO,5,0,15,0,
2025-05-02 02:50:34.148454+00:00,549,LINIERS,13,1,2,0,
2025-05-02 02:50:34.148454+00:00,550,LINIERS,14,1,5,1,
2025-05-02 02:50:34.148454+00:00,551,LINIERS,11,2,7,0,
2025-05-02 02:50:34.148454+00:00,552,VILLA DEVOTO,0,0,16,2,
2025-05-02 02:50:34.148454+00:00,553,VILLA PUYRREDON,3,2,11,0,
2025-05-02 02:50:34.148454+00:00,554,VILLA URQUIZA,6,0,10,0,
2025-05-02 02:50:34.148454+00:00,555,SAAVEDRA,3,1,12,0,
2025-05-02 02:50:34.148454+00:00,556,PALERMO,5,0,15,1,
2025-05-02 02:50:34.148454+00:00,557,RECOLETA,9,5,2,0,
2025-05-02 02:50:34.148454+00:00,558,CONSTITUCION,5,0,11,0,
2025-05-02 02:50:34.148454+00:00,559,PARQUE AVELLANEDA,7,5,8,0,
2025-05-02 02:50:34.148454+00:00,560,MATADEROS,12,0,8,0,
2025-05-02 02:50:34.148454+00:00,561,PARQUE AVELLANEDA,14,0,2,0,
2025-05-02 02:50:34.148454+00:00,562,NUEVA POMPEYA,15,2,3,0,
2025-05-02 02:50:34.148454+00:00,563,VILLA URQUIZA,10,3,3,0,
2025-05-02 02:50:34.148454+00:00,564,VILLA URQUIZA,0,2,14,0,
2025-05-02 02:50:34.148454+00:00,565,VILLA ORTUZAR,2,0,14,0,
2025-05-02 02:50:34.148454+00:00,566,VILLA DEVOTO,2,3,15,0,
2025-05-02 02:50:34.148454+00:00,567,RETIRO,0,3,17,0,
2025-05-02 02:50:34.148454+00:00,568,PALERMO,10,1,9,0,
2025-05-02 02:50:34.148454+00:00,569,PALERMO,2,0,18,0,
2025-05-02 02:50:34.148454+00:00,570,PUERTO MADERO,0,2,18,0,
2025-05-02 02:50:34.148454+00:00,572,FLORES,5,0,11,0,
2025-05-02 02:50:34.148454+00:00,573,BARRACAS,14,2,0,0,
2025-05-02 02:50:34.148454+00:00,574,VILLA PUYRREDON,5,3,8,0,
2025-05-02 02:50:34.148454+00:00,575,COGHLAN,2,2,12,0,
2025-05-02 02:50:34.148454+00:00,576,PALERMO,0,0,24,0,
2025-05-02 02:50:34.148454+00:00,577,SAAVEDRA,18,0,0,0,
2025-05-02 02:50:34.148454+00:00,579,VILLA SANTA RITA,7,0,13,0,
2025-05-02 02:50:34.148454+00:00,580,BOEDO,11,0,9,0,
2025-05-02 02:50:34.148454+00:00,581,BOEDO,1,1,18,0,
2025-05-02 02:50:34.148454+00:00,582,CABALLITO,7,0,9,0,
2025-05-02 02:50:34.148454+00:00,583,VILLA SANTA RITA,5,0,11,1,
2025-05-02 02:50:34.148454+00:00,584,MATADEROS,13,2,5,0,
2025-05-02 02:50:34.148454+00:00,585,VILLA SANTA RITA,7,0,9,0,
2025-05-02 02:50:34.148454+00:00,586,VILLA DEL PARQUE,3,2,11,0,
2025-05-02 02:50:34.148454+00:00,587,CABALLITO,12,2,6,0,
2025-05-02 02:50:34.148454+00:00,588,VILLA CRESPO,9,4,3,0,
2025-05-02 02:50:34.148454+00:00,589,BALVANERA,0,0,16,1,
2025-05-02 02:50:34.148454+00:00,590,PALERMO,7,4,5,0,
2025-05-02 02:50:34.148454+00:00,591,DEVOTO,2,2,12,0,
2025-05-02 03:06:31.349206+00:00,2,RETIRO,6,8,26,0,
2025-05-02 03:06:31.349206+00:00,3,MONSERRAT,6,3,19,0,
2025-05-02 03:06:31.349206+00:00,4,SAN NICOLAS,0,1,19,1,
2025-05-02 03:06:31.349206+00:00,5,PALERMO,18,2,22,1,
2025-05-02 03:06:31.349206+00:00,6,SAN TELMO,14,1,5,0,
2025-05-02 03:06:31.349206+00:00,7,SAN NICOLAS,0,0,24,0,
2025-05-02 03:06:31.349206+00:00,8,SAN NICOLAS,4,1,19,2,
2025-05-02 03:06:31.349206+00:00,9,PALERMO,11,4,9,0,
2025-05-02 03:06:31.349206+00:00,12,RECOLETA,2,3,11,1,
2025-05-02 03:06:31.349206+00:00,13,BALVANERA,1,0,29,0,
2025-05-02 03:06:31.349206+00:00,14,PALERMO,13,1,16,0,
2025-05-02 03:06:31.349206+00:00,17,ALMAGRO,2,4,14,0,
2025-05-02 03:06:31.349206+00:00,21,PARQUE PATRICIOS,12,6,6,0,
2025-05-02 03:06:31.349206+00:00,22,RETIRO,1,1,18,0,
2025-05-02 03:06:31.349206+00:00,24,MONSERRAT,3,0,15,0,
2025-05-02 03:06:31.349206+00:00,25,PALERMO,2,5,23,0,
2025-05-02 03:06:31.349206+00:00,26,PUERTO MADERO,1,2,27,0,
2025-05-02 03:06:31.349206+00:00,27,SAN NICOLAS,1,4,15,1,
2025-05-02 03:06:31.349206+00:00,29,CABALLITO,8,1,21,0,
2025-05-02 03:06:31.349206+00:00,32,SAN NICOLAS,0,2,16,0,
2025-05-02 03:06:31.349206+00:00,33,RECOLETA,2,2,16,2,
2025-05-02 03:06:31.349206+00:00,35,RETIRO,0,9,23,0,
2025-05-02 03:06:31.349206+00:00,36,SAN NICOLAS,1,2,9,0,
2025-05-02 03:06:31.349206+00:00,38,RETIRO,5,4,11,0,
2025-05-02 03:06:31.349206+00:00,41,PARQUE PATRICIOS,8,2,10,0,
2025-05-02 03:06:31.349206+00:00,43,RECOLETA,5,5,10,0,
2025-05-02 03:06:31.349206+00:00,44,PALERMO,0,2,18,0,
2025-05-02 03:06:31.349206+00:00,45,SAN NICOLAS,1,5,14,0,
2025-05-02 03:06:31.349206+00:00,46,SAN TELMO,11,1,6,0,
2025-05-02 03:06:31.349206+00:00,48,PUERTO MADERO,10,0,6,0,
2025-05-02 03:06:31.349206+00:00,49,BOEDO,9,3,4,0,
2025-05-02 03:06:31.349206+00:00,50,PALERMO,1,0,19,0,
2025-05-02 03:06:31.349206+00:00,54,ALMAGRO,9,6,5,0,
2025-05-02 03:06:31.349206+00:00,56,PALERMO,5,0,15,1,
2025-05-02 03:06:31.349206+00:00,57,MONSERRAT,1,4,7,0,
2025-05-02 03:06:31.349206+00:00,58,PALERMO,10,1,9,0,
2025-05-02 03:06:31.349206+00:00,59,MONSERRAT,5,0,15,0,
2025-05-02 03:06:31.349206+00:00,60,SAN NICOLAS,1,5,14,0,
2025-05-02 03:06:31.349206+00:00,61,MONTE CASTRO,8,3,1,0,
2025-05-02 03:06:31.349206+00:00,63,SAN NICOLAS,2,8,18,0,
2025-05-02 03:06:31.349206+00:00,64,RECOLETA,1,4,15,0,
2025-05-02 03:06:31.349206+00:00,65,PALERMO,4,0,16,0,
2025-05-02 03:06:31.349206+00:00,66,RECOLETA,7,1,12,0,
2025-05-02 03:06:31.349206+00:00,68,SAAVEDRA,14,1,1,0,
2025-05-02 03:06:31.349206+00:00,69,RECOLETA,0,5,11,0,
2025-05-02 03:06:31.349206+00:00,70,PALERMO,6,0,18,0,
2025-05-02 03:06:31.349206+00:00,71,SAN NICOLAS,2,4,24,0,
2025-05-02 03:06:31.349206+00:00,73,BOCA,6,5,9,0,
2025-05-02 03:06:31.349206+00:00,74,CABALLITO,3,9,18,0,
2025-05-02 03:06:31.349206+00:00,75,BALVANERA,6,11,3,0,
2025-05-02 03:06:31.349206+00:00,76,BALVANERA,2,6,12,0,
2025-05-02 03:06:31.349206+00:00,77,VILLA PUYRREDON,3,4,9,0,
2025-05-02 03:06:31.349206+00:00,79,PUERTO MADERO,2,1,27,0,
2025-05-02 03:06:31.349206+00:00,80,CABALLITO,11,0,1,0,
2025-05-02 03:06:31.349206+00:00,82,ALMAGRO,5,0,15,0,
2025-05-02 03:06:31.349206+00:00,83,SAN NICOLAS,0,0,28,0,
2025-05-02 03:06:31.349206+00:00,85,RECOLETA,0,2,18,0,
2025-05-02 03:06:31.349206+00:00,86,SAN CRISTOBAL,1,0,19,0,
2025-05-02 03:06:31.349206+00:00,87,CABALLITO,5,9,2,0,
2025-05-02 03:06:31.349206+00:00,89,PALERMO,0,2,18,0,
2025-05-02 03:06:31.349206+00:00,91,BALVANERA,3,0,21,0,
2025-05-02 03:06:31.349206+00:00,92,PARQUE PATRICIOS,13,1,6,0,
2025-05-02 03:06:31.349206+00:00,93,SAN CRISTOBAL,4,0,16,1,
2025-05-02 03:06:31.349206+00:00,94,,0,0,30,0,
2025-05-02 03:06:31.349206+00:00,96,BALVANERA,9,4,3,0,
2025-05-02 03:06:31.349206+00:00,98,MONSERRAT,0,0,16,0,
2025-05-02 03:06:31.349206+00:00,99,VILLA CRESPO,1,1,18,0,
2025-05-02 03:06:31.349206+00:00,101,ZONA 1,4,0,16,0,
2025-05-02 03:06:31.349206+00:00,102,ZONA 1,7,0,13,0,
2025-05-02 03:06:31.349206+00:00,104,ZONA 1,5,2,23,0,
2025-05-02 03:06:31.349206+00:00,107,PARQUE PATRICIOS,3,0,13,0,
2025-05-02 03:06:31.349206+00:00,111,PUERTO MADERO,3,1,26,1,
2025-05-02 03:06:31.349206+00:00,112,MONSERRAT,5,2,13,0,
2025-05-02 03:06:31.349206+00:00,114,RETIRO,1,0,15,0,
2025-05-02 03:06:31.349206+00:00,116,RECOLETA,6,4,2,0,
2025-05-02 03:06:31.349206+00:00,117,SAN TELMO,3,7,10,0,
2025-05-02 03:06:31.349206+00:00,118,BALVANERA,1,2,17,0,
2025-05-02 03:06:31.349206+00:00,120,BALVANERA,1,0,19,0,
2025-05-02 03:06:31.349206+00:00,121,ALMAGRO,7,0,13,0,
2025-05-02 03:06:31.349206+00:00,122,PALERMO,3,2,11,0,
2025-05-02 03:06:31.349206+00:00,124,PALERMO,3,2,15,1,
2025-05-02 03:06:31.349206+00:00,126,BOCA,10,3,3,0,
2025-05-02 03:06:31.349206+00:00,128,SAN NICOLAS,1,5,22,1,
2025-05-02 03:06:31.349206+00:00,130,RETIRO,7,3,30,0,
2025-05-02 03:06:31.349206+00:00,131,RECOLETA,3,6,7,3,
2025-05-02 03:06:31.349206+00:00,132,SAN NICOLAS,2,2,8,0,
2025-05-02 03:06:31.349206+00:00,134,VILLA LUGANO,0,0,12,0,
2025-05-02 03:06:31.349206+00:00,135,SAN NICOLAS,1,4,15,0,
2025-05-02 03:06:31.349206+00:00,137,MONSERRAT,3,4,17,0,
2025-05-02 03:06:31.349206+00:00,138,BARRACAS,3,0,9,0,
2025-05-02 03:06:31.349206+00:00,144,BALVANERA,1,4,15,0,
2025-05-02 03:06:31.349206+00:00,146,SAN CRISTOBAL,2,1,17,0,
2025-05-02 03:06:31.349206+00:00,148,PARQUE AVELLANEDA,9,0,7,0,
2025-05-02 03:06:31.349206+00:00,149,MONSERRAT,1,0,15,0,
2025-05-02 03:06:31.349206+00:00,150,PUERTO MADERO,5,0,31,0,
2025-05-02 03:06:31.349206+00:00,151,PUERTO MADERO,1,3,20,0,
2025-05-02 03:06:31.349206+00:00,152,PUERTO MADERO,11,3,14,0,
2025-05-02 03:06:31.349206+00:00,153,BOCA,18,1,1,0,
2025-05-02 03:06:31.349206+00:00,155,NUEVA POMPEYA,10,0,2,0,
2025-05-02 03:06:31.349206+00:00,156,PALERMO,0,4,16,0,
2025-05-02 03:06:31.349206+00:00,158,ZONA 1,3,0,17,0,
2025-05-02 03:06:31.349206+00:00,161,ALMAGRO,2,2,16,0,
2025-05-02 03:06:31.349206+00:00,162,BALVANERA,2,0,18,0,
2025-05-02 03:06:31.349206+00:00,163,BALVANERA,5,3,22,0,
2025-05-02 03:06:31.349206+00:00,164,SAN TELMO,7,6,7,0,
2025-05-02 03:06:31.349206+00:00,165,RECOLETA,1,2,9,0,
2025-05-02 03:06:31.349206+00:00,166,RECOLETA,6,3,3,0,
2025-05-02 03:06:31.349206+00:00,167,VILLA CRESPO,3,1,20,0,
2025-05-02 03:06:31.349206+00:00,168,CONSTITUCION,4,2,14,0,
2025-05-02 03:06:31.349206+00:00,169,ALMAGRO,4,3,13,0,
2025-05-02 03:06:31.349206+00:00,171,BALVANERA,1,2,17,0,
2025-05-02 03:06:31.349206+00:00,172,SAN TELMO,4,4,8,1,
2025-05-02 03:06:31.349206+00:00,174,RECOLETA,0,5,15,0,
2025-05-02 03:06:31.349206+00:00,175,CONSTITUCION,39,4,11,0,
2025-05-02 03:06:31.349206+00:00,176,SAAVEDRA,4,1,11,0,
2025-05-02 03:06:31.349206+00:00,177,PALERMO,2,2,8,0,
2025-05-02 03:06:31.349206+00:00,179,BOCA,11,4,1,0,
2025-05-02 03:06:31.349206+00:00,181,RECOLETA,4,1,15,0,
2025-05-02 03:06:31.349206+00:00,182,PALERMO,5,1,14,0,
2025-05-02 03:06:31.349206+00:00,183,MONSERRAT,5,2,20,0,
2025-05-02 03:06:31.349206+00:00,184,PARQUE PATRICIOS,4,1,15,0,
2025-05-02 03:06:31.349206+00:00,186,BALVANERA,1,0,19,0,
2025-05-02 03:06:31.349206+00:00,187,BELGRANO,1,0,15,0,
2025-05-02 03:06:31.349206+00:00,188,CONSTITUCION,5,0,19,0,
2025-05-02 03:06:31.349206+00:00,189,RETIRO,1,2,17,0,
2025-05-02 03:06:31.349206+00:00,190,PALERMO,5,0,14,1,
2025-05-02 03:06:31.349206+00:00,191,SAN NICOLAS,0,2,14,0,
2025-05-02 03:06:31.349206+00:00,193,RECOLETA,1,1,18,1,
2025-05-02 03:06:31.349206+00:00,194,ALMAGRO,1,3,12,0,
2025-05-02 03:06:31.349206+00:00,196,BOCA,15,1,4,0,
2025-05-02 03:06:31.349206+00:00,197,FLORESTA,8,1,11,0,
2025-05-02 03:06:31.349206+00:00,199,BOEDO,12,2,6,0,
2025-05-02 03:06:31.349206+00:00,200,RECOLETA,1,1,14,2,
2025-05-02 03:06:31.349206+00:00,202,RECOLETA,6,2,22,0,
2025-05-02 03:06:31.349206+00:00,203,BOCA,6,0,18,0,
2025-05-02 03:06:31.349206+00:00,204,ALMAGRO,5,4,15,0,
2025-05-02 03:06:31.349206+00:00,206,PALERMO,6,1,9,0,
2025-05-02 03:06:31.349206+00:00,207,MATADEROS,15,1,0,0,
2025-05-02 03:06:31.349206+00:00,208,PALERMO,4,0,16,0,
2025-05-02 03:06:31.349206+00:00,210,PALERMO,6,0,14,1,
2025-05-02 03:06:31.349206+00:00,212,VILLA CRESPO,1,0,19,1,
2025-05-02 03:06:31.349206+00:00,213,VILLA CRESPO,1,0,19,0,
2025-05-02 03:06:31.349206+00:00,215,PALERMO,3,3,14,0,
2025-05-02 03:06:31.349206+00:00,216,PALERMO,2,2,16,0,
2025-05-02 03:06:31.349206+00:00,219,BOEDO,11,2,11,0,
2025-05-02 03:06:31.349206+00:00,220,PARQUE CHACABUCO,2,2,12,0,
2025-05-02 03:06:31.349206+00:00,222,PALERMO,2,2,15,0,
2025-05-02 03:06:31.349206+00:00,223,BOEDO,6,3,7,0,
2025-05-02 03:06:31.349206+00:00,227,CABALLITO,4,2,14,1,
2025-05-02 03:06:31.349206+00:00,228,PUERTO MADERO,3,5,8,0,
2025-05-02 03:06:31.349206+00:00,229,ZONA 1,3,0,9,0,
2025-05-02 03:06:31.349206+00:00,230,BELGRANO,7,2,7,0,
2025-05-02 03:06:31.349206+00:00,231,VILLA CRESPO,6,1,9,0,
2025-05-02 03:06:31.349206+00:00,232,COGHLAN,5,0,15,1,
2025-05-02 03:06:31.349206+00:00,234,BELGRANO,1,2,17,1,
2025-05-02 03:06:31.349206+00:00,235,VILLA URQUIZA,3,0,21,0,
2025-05-02 03:06:31.349206+00:00,236,BELGRANO,3,3,10,0,
2025-05-02 03:06:31.349206+00:00,237,VILLA LURO,12,1,3,0,
2025-05-02 03:06:31.349206+00:00,239,PALERMO,0,2,18,0,
2025-05-02 03:06:31.349206+00:00,241,VILLA DEL PARQUE,4,3,5,0,
2025-05-02 03:06:31.349206+00:00,242,PALERMO,3,0,29,0,
2025-05-02 03:06:31.349206+00:00,245,BELGRANO,13,0,3,0,
2025-05-02 03:06:31.349206+00:00,247,VILLA ORTUZAR,4,0,14,0,
2025-05-02 03:06:31.349206+00:00,248,VILLA URQUIZA,8,2,14,0,
2025-05-02 03:06:31.349206+00:00,251,PARQUE PATRICIOS,3,1,8,1,
2025-05-02 03:06:31.349206+00:00,252,BARRACAS,18,4,2,0,
2025-05-02 03:06:31.349206+00:00,253,ALMAGRO,0,0,16,0,
2025-05-02 03:06:31.349206+00:00,254,CABALLITO,9,0,7,0,
2025-05-02 03:06:31.349206+00:00,255,CABALLITO,3,0,17,0,
2025-05-02 03:06:31.349206+00:00,257,VILLA URQUIZA,5,0,11,0,
2025-05-02 03:06:31.349206+00:00,258,BELGRANO,0,1,15,0,
2025-05-02 03:06:31.349206+00:00,259,BELGRANO,14,0,2,0,
2025-05-02 03:06:31.349206+00:00,260,BELGRANO,1,1,10,0,
2025-05-02 03:06:31.349206+00:00,261,CABALLITO,12,0,4,0,
2025-05-02 03:06:31.349206+00:00,262,VILLA GENERAL MITRE,9,1,6,0,
2025-05-02 03:06:31.349206+00:00,263,FLORES,8,3,9,0,
2025-05-02 03:06:31.349206+00:00,264,SAAVEDRA,1,0,15,0,
2025-05-02 03:06:31.349206+00:00,265,FLORES,15,1,4,0,
2025-05-02 03:06:31.349206+00:00,267,VILLA DEVOTO,1,1,14,0,
2025-05-02 03:06:31.349206+00:00,268,SAAVEDRA,20,2,14,1,
2025-05-02 03:06:31.349206+00:00,269,COLEGIALES,5,0,13,0,
2025-05-02 03:06:31.349206+00:00,270,PARQUE CHACABUCO,10,2,8,0,
2025-05-02 03:06:31.349206+00:00,271,FLORES,10,2,8,0,
2025-05-02 03:06:31.349206+00:00,273,CABALLITO,10,4,2,0,
2025-05-02 03:06:31.349206+00:00,275,BELGRANO,7,1,12,0,
2025-05-02 03:06:31.349206+00:00,277,PALERMO,2,0,16,0,
2025-05-02 03:06:31.349206+00:00,278,COGHLAN,3,1,12,0,
2025-05-02 03:06:31.349206+00:00,280,PARQUE CHACABUCO,16,3,1,0,
2025-05-02 03:06:31.349206+00:00,281,CABALLITO,12,9,3,0,
2025-05-02 03:06:31.349206+00:00,284,PARQUE CHACABUCO,20,0,0,0,
2025-05-02 03:06:31.349206+00:00,289,BELGRANO,13,2,9,0,
2025-05-02 03:06:31.349206+00:00,291,MONSERRAT,1,0,15,0,
2025-05-02 03:06:31.349206+00:00,299,FLORES,8,0,12,0,
2025-05-02 03:06:31.349206+00:00,301,VILLA SOLDATI,3,0,17,0,
2025-05-02 03:06:31.349206+00:00,302,NUEVA POMPEYA,13,3,0,0,
2025-05-02 03:06:31.349206+00:00,304,AGRONOMIA,1,0,19,1,
2025-05-02 03:06:31.349206+00:00,307,NUEVA POMPEYA,10,1,1,0,
2025-05-02 03:06:31.349206+00:00,308,PALERMO,1,2,17,0,
2025-05-02 03:06:31.349206+00:00,309,VILLA REAL,12,1,3,0,
2025-05-02 03:06:31.349206+00:00,310,VILLA LUGANO,2,0,10,0,
2025-05-02 03:06:31.349206+00:00,311,PATERNAL,2,2,12,0,
2025-05-02 03:06:31.349206+00:00,316,VILLA CRESPO,7,0,21,0,
2025-05-02 03:06:31.349206+00:00,318,VILLA CRESPO,14,1,5,0,
2025-05-02 03:06:31.349206+00:00,322,BELGRANO,0,0,20,0,
2025-05-02 03:06:31.349206+00:00,323,BELGRANO,2,0,22,0,
2025-05-02 03:06:31.349206+00:00,324,VILLA URQUIZA,1,0,15,0,
2025-05-02 03:06:31.349206+00:00,327,VILLA LUGANO,2,0,10,0,
2025-05-02 03:06:31.349206+00:00,329,VILLA CRESPO,5,0,15,0,
2025-05-02 03:06:31.349206+00:00,330,PATERNAL,8,1,11,0,
2025-05-02 03:06:31.349206+00:00,333,DEVOTO,4,0,16,0,
2025-05-02 03:06:31.349206+00:00,335,VILLA GENERAL MITRE,13,2,5,0,
2025-05-02 03:06:31.349206+00:00,336,DEVOTO,12,0,16,0,
2025-05-02 03:06:31.349206+00:00,340,Nuñez,2,2,16,0,
2025-05-02 03:06:31.349206+00:00,342,VILLA SANTA RITA,11,2,7,0,
2025-05-02 03:06:31.349206+00:00,348,VILLA GENERAL MITRE,3,1,8,0,
2025-05-02 03:06:31.349206+00:00,349,BELGRANO,2,0,14,0,
2025-05-02 03:06:31.349206+00:00,353,PUERTO MADERO,3,1,24,0,
2025-05-02 03:06:31.349206+00:00,355,PALERMO,9,3,4,0,
2025-05-02 03:06:31.349206+00:00,358,BELGRANO,0,1,19,0,
2025-05-02 03:06:31.349206+00:00,359,BELGRANO,0,1,19,0,
2025-05-02 03:06:31.349206+00:00,361,COLEGIALES,4,2,10,0,
2025-05-02 03:06:31.349206+00:00,362,VILLA URQUIZA,4,1,7,0,
2025-05-02 03:06:31.349206+00:00,363,FLORES,13,0,3,0,
2025-05-02 03:06:31.349206+00:00,364,PALERMO,3,1,24,1,
2025-05-02 03:06:31.349206+00:00,366,VELEZ SARFIELD,5,0,7,0,
2025-05-02 03:06:31.349206+00:00,367,VILLA SANTA RITA,5,0,11,0,
2025-05-02 03:06:31.349206+00:00,368,AGRONOMIA,3,0,9,0,
2025-05-02 03:06:31.349206+00:00,369,AGRONOMIA,1,0,15,0,
2025-05-02 03:06:31.349206+00:00,370,AGRONOMIA,6,0,14,0,
2025-05-02 03:06:31.349206+00:00,371,FLORES,5,1,6,0,
2025-05-02 03:06:31.349206+00:00,372,FLORES,14,1,5,0,
2025-05-02 03:06:31.349206+00:00,373,PARQUE CHAS,2,1,17,0,
2025-05-02 03:06:31.349206+00:00,374,PARQUE AVELLANEDA,14,2,0,0,
2025-05-02 03:06:31.349206+00:00,375,VILLA DEL PARQUE,5,2,9,0,
2025-05-02 03:06:31.349206+00:00,376,FLORESTA,14,1,9,0,
2025-05-02 03:06:31.349206+00:00,378,FLORES,2,0,18,0,
2025-05-02 03:06:31.349206+00:00,379,PALERMO,2,5,13,1,
2025-05-02 03:06:31.349206+00:00,381,VILLA GENERAL MITRE,7,0,9,0,
2025-05-02 03:06:31.349206+00:00,382,VILLA DEL PARQUE,6,0,10,0,
2025-05-02 03:06:31.349206+00:00,383,VILLA URQUIZA,8,2,10,0,
2025-05-02 03:06:31.349206+00:00,384,VILLA ORTUZAR,3,0,15,0,
2025-05-02 03:06:31.349206+00:00,385,VILLA DEL PARQUE,3,6,7,0,
2025-05-02 03:06:31.349206+00:00,386,COGHLAN,4,2,2,0,
2025-05-02 03:06:31.349206+00:00,387,PATERNAL,8,0,8,0,
2025-05-02 03:06:31.349206+00:00,392,COGHLAN,2,2,12,0,
2025-05-02 03:06:31.349206+00:00,393,PATERNAL,7,0,13,0,
2025-05-02 03:06:31.349206+00:00,395,VILLA CRESPO,5,0,11,0,
2025-05-02 03:06:31.349206+00:00,400,VILLA ORTUZAR,2,0,18,0,
2025-05-02 03:06:31.349206+00:00,403,BARRACAS,16,2,2,0,
2025-05-02 03:06:31.349206+00:00,407,PARQUE AVELLANEDA,14,1,1,0,
2025-05-02 03:06:31.349206+00:00,408,VILLA URQUIZA,14,0,2,0,
2025-05-02 03:06:31.349206+00:00,412,VILLA SOLDATI,1,0,11,0,
2025-05-02 03:06:31.349206+00:00,413,MATADEROS,7,0,1,0,
2025-05-02 03:06:31.349206+00:00,414,CABALLITO,8,0,8,0,
2025-05-02 03:06:31.349206+00:00,416,Nuñez,2,1,17,0,
2025-05-02 03:06:31.349206+00:00,417,VILLA URQUIZA,5,0,15,0,
2025-05-02 03:06:31.349206+00:00,418,COLEGIALES,7,0,9,0,
2025-05-02 03:06:31.349206+00:00,420,BELGRANO,6,3,3,0,
2025-05-02 03:06:31.349206+00:00,422,SAAVEDRA,12,3,1,0,
2025-05-02 03:06:31.349206+00:00,423,SAAVEDRA,0,1,11,0,
2025-05-02 03:06:31.349206+00:00,424,PARQUE PATRICIOS,5,4,3,0,
2025-05-02 03:06:31.349206+00:00,425,NUEVA POMPEYA,20,0,0,0,
2025-05-02 03:06:31.349206+00:00,426,BELGRANO,1,3,16,0,
2025-05-02 03:06:31.349206+00:00,427,LINIERS,14,2,0,0,
2025-05-02 03:06:31.349206+00:00,428,PARQUE CHAS,2,0,18,0,
2025-05-02 03:06:31.349206+00:00,429,VILLA LURO,9,2,5,0,
2025-05-02 03:06:31.349206+00:00,431,BELGRANO,2,4,14,0,
2025-05-02 03:06:31.349206+00:00,432,CABALLITO,0,5,23,0,
2025-05-02 03:06:31.349206+00:00,433,BARRACAS,17,5,2,0,
2025-05-02 03:06:31.349206+00:00,434,Nuñez,1,1,18,0,
2025-05-02 03:06:31.349206+00:00,435,Nuñez,4,2,18,0,
2025-05-02 03:06:31.349206+00:00,436,PALERMO,7,0,9,0,
2025-05-02 03:06:31.349206+00:00,440,PALERMO,16,0,0,0,
2025-05-02 03:06:31.349206+00:00,444,SAN NICOLAS,5,1,18,0,
2025-05-02 03:06:31.349206+00:00,449,FLORES,6,0,14,0,
2025-05-02 03:06:31.349206+00:00,453,VELEZ SARFIELD,7,1,12,0,
2025-05-02 03:06:31.349206+00:00,454,VILLA LURO,4,1,7,1,
2025-05-02 03:06:31.349206+00:00,455,VERSALLES,10,3,3,0,
2025-05-02 03:06:31.349206+00:00,457,VERSALLES,9,0,7,0,
2025-05-02 03:06:31.349206+00:00,458,PARQUE CHACABUCO,5,4,11,0,
2025-05-02 03:06:31.349206+00:00,460,VILLA DEVOTO,3,0,13,0,
2025-05-02 03:06:31.349206+00:00,461,PARQUE CHAS,5,0,15,1,
2025-05-02 03:06:31.349206+00:00,464,BELGRANO,13,5,2,0,
2025-05-02 03:06:31.349206+00:00,465,VILLA DEVOTO,0,2,10,0,
2025-05-02 03:06:31.349206+00:00,466,ALMAGRO,5,4,11,0,
2025-05-02 03:06:31.349206+00:00,468,BALVANERA,0,5,3,0,
2025-05-02 03:06:31.349206+00:00,469,VILLA DEVOTO,3,2,11,0,
2025-05-02 03:06:31.349206+00:00,471,VILLA DEVOTO,0,2,10,0,
2025-05-02 03:06:31.349206+00:00,472,COLEGIALES,3,0,13,0,
2025-05-02 03:06:31.349206+00:00,473,VILLA SANTA RITA,6,3,3,0,
2025-05-02 03:06:31.349206+00:00,474,MONTE CASTRO,8,0,8,0,
2025-05-02 03:06:31.349206+00:00,475,VILLA LURO,3,3,6,0,
2025-05-02 03:06:31.349206+00:00,476,MONTE CASTRO,11,1,0,0,
2025-05-02 03:06:31.349206+00:00,477,PARQUE PATRICIOS,1,2,9,0,
2025-05-02 03:06:31.349206+00:00,478,COLEGIALES,1,2,9,0,
2025-05-02 03:06:31.349206+00:00,479,CABALLITO,15,0,9,0,
2025-05-02 03:06:31.349206+00:00,480,FLORESTA,8,1,3,0,
2025-05-02 03:06:31.349206+00:00,481,LINIERS,9,4,3,0,
2025-05-02 03:06:31.349206+00:00,482,PALERMO,5,1,6,0,
2025-05-02 03:06:31.349206+00:00,483,SAAVEDRA,0,1,11,0,
2025-05-02 03:06:31.349206+00:00,484,SAAVEDRA,3,0,9,0,
2025-05-02 03:06:31.349206+00:00,486,Nuñez,1,1,10,0,
2025-05-02 03:06:31.349206+00:00,487,BELGRANO,0,2,10,0,
2025-05-02 03:06:31.349206+00:00,488,VILLA URQUIZA,3,3,6,0,
2025-05-02 03:06:31.349206+00:00,489,BELGRANO,1,0,15,0,
2025-05-02 03:06:31.349206+00:00,490,PALERMO,12,4,0,0,
2025-05-02 03:06:31.349206+00:00,491,CABALLITO,6,2,8,1,
2025-05-02 03:06:31.349206+00:00,492,ALMAGRO,8,4,8,0,
2025-05-02 03:06:31.349206+00:00,493,PATERNAL,4,0,4,0,
2025-05-02 03:06:31.349206+00:00,494,VILLA DEVOTO,3,2,7,0,
2025-05-02 03:06:31.349206+00:00,496,VILLA PUYRREDON,3,1,8,0,
2025-05-02 03:06:31.349206+00:00,497,VILLA URQUIZA,0,3,9,0,
2025-05-02 03:06:31.349206+00:00,498,VILLA PUYRREDON,4,3,5,0,
2025-05-02 03:06:31.349206+00:00,499,CABALLITO,7,4,5,0,
2025-05-02 03:06:31.349206+00:00,500,Nuñez,0,3,13,1,
2025-05-02 03:06:31.349206+00:00,501,Nuñez,0,0,16,0,
2025-05-02 03:06:31.349206+00:00,502,SAAVEDRA,1,1,13,0,
2025-05-02 03:06:31.349206+00:00,503,CABALLITO,6,2,12,1,
2025-05-02 03:06:31.349206+00:00,504,FLORES,10,1,1,0,
2025-05-02 03:06:31.349206+00:00,505,VILLA SANTA RITA,12,0,4,0,
2025-05-02 03:06:31.349206+00:00,507,VILLA SOLDATI,5,1,10,1,
2025-05-02 03:06:31.349206+00:00,508,VILLA LURO,4,1,7,0,
2025-05-02 03:06:31.349206+00:00,509,VELEZ SARFIELD,10,1,1,0,
2025-05-02 03:06:31.349206+00:00,511,VILLA ORTUZAR,2,0,14,0,
2025-05-02 03:06:31.349206+00:00,512,PARQUE CHAS,2,3,15,0,
2025-05-02 03:06:31.349206+00:00,513,AGRONOMIA,10,0,2,0,
2025-05-02 03:06:31.349206+00:00,515,PALERMO,2,1,12,0,
2025-05-02 03:06:31.349206+00:00,516,PALERMO,3,4,13,0,
2025-05-02 03:06:31.349206+00:00,517,PALERMO,0,0,16,0,
2025-05-02 03:06:31.349206+00:00,518,PALERMO,4,2,6,0,
2025-05-02 03:06:31.349206+00:00,519,RETIRO,2,1,17,0,
2025-05-02 03:06:31.349206+00:00,520,VILLA SOLDATI,6,0,10,0,
2025-05-02 03:06:31.349206+00:00,521,PATERNAL,12,0,4,0,
2025-05-02 03:06:31.349206+00:00,522,VILLA CRESPO,1,2,13,0,
2025-05-02 03:06:31.349206+00:00,524,BELGRANO,4,3,5,0,
2025-05-02 03:06:31.349206+00:00,525,Nuñez,1,2,13,0,
2025-05-02 03:06:31.349206+00:00,526,Nuñez,0,1,11,0,
2025-05-02 03:06:31.349206+00:00,527,VILLA CRESPO,3,0,9,0,
2025-05-02 03:06:31.349206+00:00,528,VILLA LURO,9,0,7,0,
2025-05-02 03:06:31.349206+00:00,530,CABALLITO,8,0,12,0,
2025-05-02 03:06:31.349206+00:00,531,VERSALLES,3,3,14,0,
2025-05-02 03:06:31.349206+00:00,532,VILLA URQUIZA,17,1,2,0,
2025-05-02 03:06:31.349206+00:00,533,SAAVEDRA,2,2,16,1,
2025-05-02 03:06:31.349206+00:00,534,PALERMO,3,4,17,0,
2025-05-02 03:06:31.349206+00:00,535,VILLA CRESPO,5,0,15,0,
2025-05-02 03:06:31.349206+00:00,536,RETIRO,1,0,19,0,
2025-05-02 03:06:31.349206+00:00,537,COLEGIALES,3,2,7,0,
2025-05-02 03:06:31.349206+00:00,538,Nuñez,8,1,7,0,
2025-05-02 03:06:31.349206+00:00,539,CONSTITUCION,13,3,4,0,
2025-05-02 03:06:31.349206+00:00,540,PALERMO,7,3,8,0,
2025-05-02 03:06:31.349206+00:00,541,PALERMO,1,1,10,0,
2025-05-02 03:06:31.349206+00:00,542,PALERMO,2,5,9,0,
2025-05-02 03:06:31.349206+00:00,543,PUERTO MADERO,4,0,12,0,
2025-05-02 03:06:31.349206+00:00,544,SAN NICOLAS,0,9,15,1,
2025-05-02 03:06:31.349206+00:00,545,CABALLITO,7,4,9,0,
2025-05-02 03:06:31.349206+00:00,546,PARQUE CHACABUCO,16,0,0,0,
2025-05-02 03:06:31.349206+00:00,547,ALMAGRO,11,2,7,0,
2025-05-02 03:06:31.349206+00:00,548,VILLA RIACHUELO,4,0,16,0,
2025-05-02 03:06:31.349206+00:00,549,LINIERS,13,1,2,0,
2025-05-02 03:06:31.349206+00:00,550,LINIERS,14,1,5,1,
2025-05-02 03:06:31.349206+00:00,551,LINIERS,11,2,7,0,
2025-05-02 03:06:31.349206+00:00,552,VILLA DEVOTO,0,0,16,2,
2025-05-02 03:06:31.349206+00:00,553,VILLA PUYRREDON,3,2,11,0,
2025-05-02 03:06:31.349206+00:00,554,VILLA URQUIZA,6,0,10,0,
2025-05-02 03:06:31.349206+00:00,555,SAAVEDRA,3,1,12,0,
2025-05-02 03:06:31.349206+00:00,556,PALERMO,5,0,15,1,
2025-05-02 03:06:31.349206+00:00,557,RECOLETA,9,5,2,0,
2025-05-02 03:06:31.349206+00:00,558,CONSTITUCION,5,0,11,0,
2025-05-02 03:06:31.349206+00:00,559,PARQUE AVELLANEDA,7,5,8,0,
2025-05-02 03:06:31.349206+00:00,560,MATADEROS,12,0,8,0,
2025-05-02 03:06:31.349206+00:00,561,PARQUE AVELLANEDA,14,0,2,0,
2025-05-02 03:06:31.349206+00:00,562,NUEVA POMPEYA,15,2,3,0,
2025-05-02 03:06:31.349206+00:00,563,VILLA URQUIZA,10,3,3,0,
2025-05-02 03:06:31.349206+00:00,564,VILLA URQUIZA,0,2,14,0,
2025-05-02 03:06:31.349206+00:00,565,VILLA ORTUZAR,2,0,14,0,
2025-05-02 03:06:31.349206+00:00,566,VILLA DEVOTO,2,3,15,0,
2025-05-02 03:06:31.349206+00:00,567,RETIRO,0,3,17,0,
2025-05-02 03:06:31.349206+00:00,568,PALERMO,11,1,8,0,
2025-05-02 03:06:31.349206+00:00,569,PALERMO,2,0,18,0,
2025-05-02 03:06:31.349206+00:00,570,PUERTO MADERO,0,2,18,0,
2025-05-02 03:06:31.349206+00:00,572,FLORES,5,0,11,0,
2025-05-02 03:06:31.349206+00:00,573,BARRACAS,14,2,0,0,
2025-05-02 03:06:31.349206+00:00,574,VILLA PUYRREDON,5,3,8,0,
2025-05-02 03:06:31.349206+00:00,575,COGHLAN,2,2,12,0,
2025-05-02 03:06:31.349206+00:00,576,PALERMO,0,0,24,0,
2025-05-02 03:06:31.349206+00:00,577,SAAVEDRA,18,0,0,0,
2025-05-02 03:06:31.349206+00:00,579,VILLA SANTA RITA,8,0,12,0,
2025-05-02 03:06:31.349206+00:00,580,BOEDO,11,0,9,0,
2025-05-02 03:06:31.349206+00:00,581,BOEDO,1,1,18,0,
2025-05-02 03:06:31.349206+00:00,582,CABALLITO,7,0,9,0,
2025-05-02 03:06:31.349206+00:00,583,VILLA SANTA RITA,5,0,11,1,
2025-05-02 03:06:31.349206+00:00,584,MATADEROS,13,2,5,0,
2025-05-02 03:06:31.349206+00:00,585,VILLA SANTA RITA,7,0,9,0,
2025-05-02 03:06:31.349206+00:00,586,VILLA DEL PARQUE,3,2,11,0,
2025-05-02 03:06:31.349206+00:00,587,CABALLITO,12,2,6,0,
2025-05-02 03:06:31.349206+00:00,588,VILLA CRESPO,9,4,3,0,
2025-05-02 03:06:31.349206+00:00,589,BALVANERA,0,0,16,1,
2025-05-02 03:06:31.349206+00:00,590,PALERMO,6,4,6,0,
2025-05-02 03:06:31.349206+00:00,591,DEVOTO,2,2,12,0,
2025-05-02 17:08:43.822190+00:00,2,RETIRO,5,9,26,1,2025-05-02 17:07:24+00:00
2025-05-02 17:08:43.822190+00:00,3,MONSERRAT,1,3,24,0,2025-05-02 17:07:37+00:00
2025-05-02 17:08:43.822190+00:00,4,SAN NICOLAS,1,1,18,0,2025-05-02 17:05:33+00:00
2025-05-02 17:08:43.822190+00:00,5,PALERMO,23,2,17,0,2025-05-02 17:08:06+00:00
2025-05-02 17:08:43.822190+00:00,6,SAN TELMO,14,1,5,0,2025-05-02 17:05:40+00:00
2025-05-02 17:08:43.822190+00:00,7,SAN NICOLAS,1,1,22,0,2025-05-02 17:06:20+00:00
2025-05-02 17:08:43.822190+00:00,8,SAN NICOLAS,1,1,22,2,2025-05-02 17:05:35+00:00
2025-05-02 17:08:43.822190+00:00,9,PALERMO,10,4,10,0,2025-05-02 17:07:16+00:00
2025-05-02 17:08:43.822190+00:00,12,RECOLETA,2,3,11,1,2025-05-02 17:07:11+00:00
2025-05-02 17:08:43.822190+00:00,13,BALVANERA,5,1,24,0,2025-05-02 17:07:37+00:00
2025-05-02 17:08:43.822190+00:00,14,PALERMO,1,1,28,0,2025-05-02 17:06:21+00:00
2025-05-02 17:08:43.822190+00:00,17,ALMAGRO,1,5,14,0,2025-05-02 17:08:05+00:00
2025-05-02 17:08:43.822190+00:00,21,PARQUE PATRICIOS,17,6,1,0,2025-05-02 17:06:18+00:00
2025-05-02 17:08:43.822190+00:00,22,RETIRO,1,1,18,0,2025-05-02 17:07:08+00:00
2025-05-02 17:08:43.822190+00:00,24,MONSERRAT,1,0,17,0,2025-05-02 17:07:34+00:00
2025-05-02 17:08:43.822190+00:00,25,PALERMO,1,1,28,0,2025-05-02 17:08:10+00:00
2025-05-02 17:08:43.822190+00:00,26,PUERTO MADERO,2,2,26,0,2025-05-02 17:05:39+00:00
2025-05-02 17:08:43.822190+00:00,27,SAN NICOLAS,0,4,16,1,2025-05-02 17:05:53+00:00
2025-05-02 17:08:43.822190+00:00,29,CABALLITO,6,2,22,0,2025-05-02 17:08:06+00:00
2025-05-02 17:08:43.822190+00:00,32,SAN NICOLAS,3,2,13,0,2025-05-02 17:07:33+00:00
2025-05-02 17:08:43.822190+00:00,33,RECOLETA,7,2,11,2,2025-05-02 17:06:40+00:00
2025-05-02 17:08:43.822190+00:00,35,RETIRO,3,10,19,0,2025-05-02 17:05:20+00:00
2025-05-02 17:08:43.822190+00:00,36,SAN NICOLAS,0,2,10,0,2025-05-02 17:05:36+00:00
2025-05-02 17:08:43.822190+00:00,38,RETIRO,0,4,16,0,2025-05-02 17:05:23+00:00
2025-05-02 17:08:43.822190+00:00,41,PARQUE PATRICIOS,10,3,7,0,2025-05-02 17:03:43+00:00
2025-05-02 17:08:43.822190+00:00,43,RECOLETA,3,5,12,0,2025-05-02 17:08:01+00:00
2025-05-02 17:08:43.822190+00:00,44,PALERMO,2,3,15,0,2025-05-02 17:08:14+00:00
2025-05-02 17:08:43.822190+00:00,45,SAN NICOLAS,0,5,15,0,2025-05-02 17:07:12+00:00
2025-05-02 17:08:43.822190+00:00,46,SAN TELMO,1,1,16,0,2025-05-02 17:07:24+00:00
2025-05-02 17:08:43.822190+00:00,48,PUERTO MADERO,9,0,7,0,2025-05-02 17:05:56+00:00
2025-05-02 17:08:43.822190+00:00,49,BOEDO,11,0,5,0,2025-05-02 17:06:46+00:00
2025-05-02 17:08:43.822190+00:00,50,PALERMO,1,0,19,0,2025-05-02 17:07:17+00:00
2025-05-02 17:08:43.822190+00:00,54,ALMAGRO,1,7,12,0,2025-05-02 17:05:29+00:00
2025-05-02 17:08:43.822190+00:00,56,PALERMO,9,0,11,0,2025-05-02 17:06:04+00:00
2025-05-02 17:08:43.822190+00:00,57,MONSERRAT,2,4,6,0,2025-05-02 15:48:41+00:00
2025-05-02 17:08:43.822190+00:00,58,PALERMO,4,1,15,0,2025-05-02 17:01:27+00:00
2025-05-02 17:08:43.822190+00:00,59,MONSERRAT,2,0,18,0,2025-05-02 17:06:27+00:00
2025-05-02 17:08:43.822190+00:00,60,SAN NICOLAS,0,5,15,0,2025-05-02 17:08:00+00:00
2025-05-02 17:08:43.822190+00:00,61,MONTE CASTRO,8,3,1,0,2025-05-02 17:06:47+00:00
2025-05-02 17:08:43.822190+00:00,63,SAN NICOLAS,1,8,19,0,2025-05-02 17:05:26+00:00
2025-05-02 17:08:43.822190+00:00,64,RECOLETA,0,5,15,0,2025-05-02 17:06:48+00:00
2025-05-02 17:08:43.822190+00:00,65,PALERMO,1,2,17,0,2025-05-02 17:05:15+00:00
2025-05-02 17:08:43.822190+00:00,66,RECOLETA,3,2,15,0,2025-05-02 17:07:59+00:00
2025-05-02 17:08:43.822190+00:00,68,SAAVEDRA,8,1,7,0,2025-05-02 17:05:54+00:00
2025-05-02 17:08:43.822190+00:00,69,RECOLETA,10,5,1,0,2025-05-02 12:49:00+00:00
2025-05-02 17:08:43.822190+00:00,70,PALERMO,2,0,22,1,2025-05-02 17:07:14+00:00
2025-05-02 17:08:43.822190+00:00,71,SAN NICOLAS,0,2,28,0,2025-05-02 17:06:13+00:00
2025-05-02 17:08:43.822190+00:00,73,BOCA,8,6,6,0,2025-05-02 17:06:01+00:00
2025-05-02 17:08:43.822190+00:00,74,CABALLITO,5,9,16,0,2025-05-02 17:07:08+00:00
2025-05-02 17:08:43.822190+00:00,75,BALVANERA,4,12,4,0,2025-05-02 17:05:40+00:00
2025-05-02 17:08:43.822190+00:00,76,BALVANERA,1,7,12,0,2025-05-02 16:14:50+00:00
2025-05-02 17:08:43.822190+00:00,77,VILLA PUYRREDON,0,5,11,0,2025-05-02 17:06:41+00:00
2025-05-02 17:08:43.822190+00:00,79,PUERTO MADERO,7,1,22,0,2025-05-02 17:05:50+00:00
2025-05-02 17:08:43.822190+00:00,80,CABALLITO,12,0,0,0,2025-05-02 17:05:31+00:00
2025-05-02 17:08:43.822190+00:00,82,ALMAGRO,9,0,11,0,2025-05-02 17:05:29+00:00
2025-05-02 17:08:43.822190+00:00,83,SAN NICOLAS,0,0,28,0,2025-05-02 17:07:18+00:00
2025-05-02 17:08:43.822190+00:00,85,RECOLETA,0,0,20,0,2025-05-02 17:06:40+00:00
2025-05-02 17:08:43.822190+00:00,86,SAN CRISTOBAL,3,1,16,0,2025-05-02 17:05:52+00:00
2025-05-02 17:08:43.822190+00:00,87,CABALLITO,0,9,7,0,2025-05-02 17:05:37+00:00
2025-05-02 17:08:43.822190+00:00,89,PALERMO,3,2,15,0,2025-05-02 17:06:25+00:00
2025-05-02 17:08:43.822190+00:00,91,BALVANERA,1,0,23,0,2025-05-02 17:08:15+00:00
2025-05-02 17:08:43.822190+00:00,92,PARQUE PATRICIOS,12,2,6,0,2025-05-02 17:06:04+00:00
2025-05-02 17:08:43.822190+00:00,93,SAN CRISTOBAL,2,0,18,1,2025-05-02 17:06:08+00:00
2025-05-02 17:08:43.822190+00:00,94,,11,0,19,0,2025-05-02 17:07:11+00:00
2025-05-02 17:08:43.822190+00:00,96,BALVANERA,8,4,4,0,2025-05-02 17:07:08+00:00
2025-05-02 17:08:43.822190+00:00,98,MONSERRAT,0,0,16,0,2025-05-02 17:07:16+00:00
2025-05-02 17:08:43.822190+00:00,99,VILLA CRESPO,2,1,17,0,2025-05-02 17:08:14+00:00
2025-05-02 17:08:43.822190+00:00,101,ZONA 1,6,0,14,0,2025-05-02 17:08:05+00:00
2025-05-02 17:08:43.822190+00:00,102,ZONA 1,1,0,19,0,2025-05-02 17:07:56+00:00
2025-05-02 17:08:43.822190+00:00,104,ZONA 1,9,0,21,0,2025-05-02 17:06:45+00:00
2025-05-02 17:08:43.822190+00:00,107,PARQUE PATRICIOS,1,0,15,0,2025-05-02 17:06:22+00:00
2025-05-02 17:08:43.822190+00:00,111,PUERTO MADERO,8,1,21,2,2025-05-02 17:05:39+00:00
2025-05-02 17:08:43.822190+00:00,112,MONSERRAT,0,2,18,0,2025-05-02 17:07:09+00:00
2025-05-02 17:08:43.822190+00:00,114,RETIRO,4,0,12,0,2025-05-02 17:07:45+00:00
2025-05-02 17:08:43.822190+00:00,116,RECOLETA,2,4,6,1,2025-05-02 17:07:15+00:00
2025-05-02 17:08:43.822190+00:00,117,SAN TELMO,8,0,12,0,2025-05-02 17:05:35+00:00
2025-05-02 17:08:43.822190+00:00,118,BALVANERA,3,2,15,0,2025-05-02 17:06:59+00:00
2025-05-02 17:08:43.822190+00:00,120,BALVANERA,7,0,13,0,2025-05-02 11:33:54+00:00
2025-05-02 17:08:43.822190+00:00,121,ALMAGRO,0,0,20,0,2025-05-02 17:06:18+00:00
2025-05-02 17:08:43.822190+00:00,122,PALERMO,2,1,13,0,2025-05-02 17:05:32+00:00
2025-05-02 17:08:43.822190+00:00,124,PALERMO,1,3,16,1,2025-05-02 17:06:11+00:00
2025-05-02 17:08:43.822190+00:00,126,BOCA,13,2,1,0,2025-05-02 17:07:51+00:00
2025-05-02 17:08:43.822190+00:00,128,SAN NICOLAS,3,6,19,1,2025-05-02 17:06:05+00:00
2025-05-02 17:08:43.822190+00:00,130,RETIRO,2,3,35,0,2025-05-02 17:07:24+00:00
2025-05-02 17:08:43.822190+00:00,131,RECOLETA,4,0,12,3,2025-05-02 17:08:04+00:00
2025-05-02 17:08:43.822190+00:00,132,SAN NICOLAS,3,2,7,0,2025-05-02 17:07:37+00:00
2025-05-02 17:08:43.822190+00:00,134,VILLA LUGANO,1,0,11,0,2025-05-02 17:06:56+00:00
2025-05-02 17:08:43.822190+00:00,135,SAN NICOLAS,3,4,13,0,2025-05-02 17:08:05+00:00
2025-05-02 17:08:43.822190+00:00,137,MONSERRAT,5,4,15,0,2025-05-02 17:07:15+00:00
2025-05-02 17:08:43.822190+00:00,138,BARRACAS,4,0,8,0,2025-05-02 17:06:12+00:00
2025-05-02 17:08:43.822190+00:00,144,BALVANERA,9,4,7,0,2025-05-02 17:05:37+00:00
2025-05-02 17:08:43.822190+00:00,146,SAN CRISTOBAL,4,1,15,0,2025-05-02 17:08:01+00:00
2025-05-02 17:08:43.822190+00:00,148,PARQUE AVELLANEDA,6,0,10,0,2025-05-02 17:06:24+00:00
2025-05-02 17:08:43.822190+00:00,149,MONSERRAT,3,1,12,0,2025-05-02 17:06:56+00:00
2025-05-02 17:08:43.822190+00:00,150,PUERTO MADERO,0,0,36,0,2025-05-02 17:05:46+00:00
2025-05-02 17:08:43.822190+00:00,151,PUERTO MADERO,4,3,17,0,2025-05-02 17:08:04+00:00
2025-05-02 17:08:43.822190+00:00,152,PUERTO MADERO,10,3,15,0,2025-05-02 17:05:20+00:00
2025-05-02 17:08:43.822190+00:00,153,BOCA,10,0,10,0,2025-05-02 17:08:09+00:00
2025-05-02 17:08:43.822190+00:00,155,NUEVA POMPEYA,6,0,6,0,2025-05-02 17:07:45+00:00
2025-05-02 17:08:43.822190+00:00,156,PALERMO,8,5,7,0,2025-05-02 17:07:14+00:00
2025-05-02 17:08:43.822190+00:00,158,ZONA 1,12,0,8,0,2025-05-02 17:05:23+00:00
2025-05-02 17:08:43.822190+00:00,161,ALMAGRO,1,2,17,0,2025-05-02 17:07:22+00:00
2025-05-02 17:08:43.822190+00:00,162,BALVANERA,2,0,18,0,2025-05-02 17:07:09+00:00
2025-05-02 17:08:43.822190+00:00,163,BALVANERA,3,3,24,0,2025-05-02 17:07:44+00:00
2025-05-02 17:08:43.822190+00:00,164,SAN TELMO,3,6,11,0,2025-05-02 17:08:13+00:00
2025-05-02 17:08:43.822190+00:00,165,RECOLETA,1,2,9,0,2025-05-02 17:08:10+00:00
2025-05-02 17:08:43.822190+00:00,166,RECOLETA,2,3,7,0,2025-05-02 17:06:18+00:00
2025-05-02 17:08:43.822190+00:00,167,VILLA CRESPO,9,1,14,0,2025-05-02 17:07:58+00:00
2025-05-02 17:08:43.822190+00:00,168,CONSTITUCION,2,2,16,0,2025-05-02 17:05:50+00:00
2025-05-02 17:08:43.822190+00:00,169,ALMAGRO,10,3,7,0,2025-05-02 15:05:54+00:00
2025-05-02 17:08:43.822190+00:00,171,BALVANERA,0,3,17,0,2025-05-02 17:05:45+00:00
2025-05-02 17:08:43.822190+00:00,172,SAN TELMO,0,4,12,1,2025-05-02 17:07:45+00:00
2025-05-02 17:08:43.822190+00:00,174,RECOLETA,12,5,3,0,2025-05-02 17:06:55+00:00
2025-05-02 17:08:43.822190+00:00,175,CONSTITUCION,13,4,37,0,2025-05-02 17:07:13+00:00
2025-05-02 17:08:43.822190+00:00,176,SAAVEDRA,5,1,10,0,2025-05-02 17:06:47+00:00
2025-05-02 17:08:43.822190+00:00,177,PALERMO,3,2,7,0,2025-05-02 17:06:23+00:00
2025-05-02 17:08:43.822190+00:00,179,BOCA,12,0,4,0,2025-05-02 17:05:53+00:00
2025-05-02 17:08:43.822190+00:00,181,RECOLETA,0,1,19,0,2025-05-02 17:05:36+00:00
2025-05-02 17:08:43.822190+00:00,182,PALERMO,1,2,17,0,2025-05-02 17:06:28+00:00
2025-05-02 17:08:43.822190+00:00,183,MONSERRAT,8,4,16,0,2025-05-02 17:05:52+00:00
2025-05-02 17:08:43.822190+00:00,184,PARQUE PATRICIOS,1,1,18,0,2025-05-02 17:08:07+00:00
2025-05-02 17:08:43.822190+00:00,186,BALVANERA,4,0,16,0,2025-05-02 17:07:35+00:00
2025-05-02 17:08:43.822190+00:00,187,BELGRANO,1,0,15,0,2025-05-02 17:06:20+00:00
2025-05-02 17:08:43.822190+00:00,188,CONSTITUCION,3,0,21,0,2025-05-02 17:06:22+00:00
2025-05-02 17:08:43.822190+00:00,189,RETIRO,3,3,14,0,2025-05-02 17:08:03+00:00
2025-05-02 17:08:43.822190+00:00,190,PALERMO,0,0,19,1,2025-05-02 17:06:41+00:00
2025-05-02 17:08:43.822190+00:00,191,SAN NICOLAS,1,2,13,0,2025-05-02 17:06:34+00:00
2025-05-02 17:08:43.822190+00:00,193,RECOLETA,3,1,16,1,2025-05-02 16:43:50+00:00
2025-05-02 17:08:43.822190+00:00,194,ALMAGRO,3,3,10,0,2025-05-02 17:06:16+00:00
2025-05-02 17:08:43.822190+00:00,196,BOCA,15,1,4,0,2025-05-02 17:07:51+00:00
2025-05-02 17:08:43.822190+00:00,197,FLORESTA,6,1,13,0,2025-05-02 17:07:24+00:00
2025-05-02 17:08:43.822190+00:00,199,BOEDO,10,2,8,0,2025-05-02 17:07:25+00:00
2025-05-02 17:08:43.822190+00:00,200,RECOLETA,3,2,11,2,2025-05-02 17:06:34+00:00
2025-05-02 17:08:43.822190+00:00,202,RECOLETA,1,2,27,0,2025-05-02 17:06:42+00:00
2025-05-02 17:08:43.822190+00:00,203,BOCA,4,0,20,0,2025-05-02 17:08:02+00:00
2025-05-02 17:08:43.822190+00:00,204,ALMAGRO,9,5,10,0,2025-05-02 15:13:40+00:00
2025-05-02 17:08:43.822190+00:00,206,PALERMO,2,1,13,0,2025-05-02 17:05:16+00:00
2025-05-02 17:08:43.822190+00:00,207,MATADEROS,13,1,2,0,2025-05-02 17:05:27+00:00
2025-05-02 17:08:43.822190+00:00,208,PALERMO,4,0,16,0,2025-05-02 17:07:10+00:00
2025-05-02 17:08:43.822190+00:00,210,PALERMO,10,0,10,1,2025-05-02 17:05:24+00:00
2025-05-02 17:08:43.822190+00:00,212,VILLA CRESPO,3,0,17,0,2025-05-02 17:08:00+00:00
2025-05-02 17:08:43.822190+00:00,213,VILLA CRESPO,6,0,14,0,2025-05-02 17:05:44+00:00
2025-05-02 17:08:43.822190+00:00,215,PALERMO,0,1,19,0,2025-05-02 17:07:33+00:00
2025-05-02 17:08:43.822190+00:00,216,PALERMO,1,0,19,0,2025-05-02 17:06:08+00:00
2025-05-02 17:08:43.822190+00:00,219,BOEDO,12,2,10,0,2025-05-02 17:06:58+00:00
2025-05-02 17:08:43.822190+00:00,220,PARQUE CHACABUCO,3,0,13,0,2025-05-02 17:05:26+00:00
2025-05-02 17:08:43.822190+00:00,222,PALERMO,0,2,17,0,2025-05-02 17:06:43+00:00
2025-05-02 17:08:43.822190+00:00,223,BOEDO,7,3,6,0,2025-05-02 17:06:21+00:00
2025-05-02 17:08:43.822190+00:00,227,CABALLITO,11,2,7,0,2025-05-02 17:06:55+00:00
2025-05-02 17:08:43.822190+00:00,228,PUERTO MADERO,8,5,3,0,2025-05-02 17:08:09+00:00
2025-05-02 17:08:43.822190+00:00,229,ZONA 1,1,0,11,1,2025-05-02 17:06:18+00:00
2025-05-02 17:08:43.822190+00:00,230,BELGRANO,3,2,11,0,2025-05-02 17:05:51+00:00
2025-05-02 17:08:43.822190+00:00,231,VILLA CRESPO,10,2,4,0,2025-05-02 17:06:22+00:00
2025-05-02 17:08:43.822190+00:00,232,COGHLAN,4,1,15,1,2025-05-02 17:07:15+00:00
2025-05-02 17:08:43.822190+00:00,234,BELGRANO,5,2,13,1,2025-05-02 17:05:48+00:00
2025-05-02 17:08:43.822190+00:00,235,VILLA URQUIZA,8,0,16,0,2025-05-02 17:06:11+00:00
2025-05-02 17:08:43.822190+00:00,236,BELGRANO,5,3,8,1,2025-05-02 17:06:33+00:00
2025-05-02 17:08:43.822190+00:00,237,VILLA LURO,10,1,5,0,2025-05-02 17:05:11+00:00
2025-05-02 17:08:43.822190+00:00,239,PALERMO,4,3,13,0,2025-05-02 17:05:30+00:00
2025-05-02 17:08:43.822190+00:00,241,VILLA DEL PARQUE,4,0,8,0,2025-05-02 17:07:39+00:00
2025-05-02 17:08:43.822190+00:00,242,PALERMO,18,0,14,0,2025-05-02 17:07:58+00:00
2025-05-02 17:08:43.822190+00:00,245,BELGRANO,8,0,8,0,2025-05-02 17:02:59+00:00
2025-05-02 17:08:43.822190+00:00,247,VILLA ORTUZAR,4,1,13,0,2025-05-02 17:05:20+00:00
2025-05-02 17:08:43.822190+00:00,248,VILLA URQUIZA,12,1,11,0,2025-05-02 17:06:46+00:00
2025-05-02 17:08:43.822190+00:00,251,PARQUE PATRICIOS,6,1,5,0,2025-05-02 17:07:58+00:00
2025-05-02 17:08:43.822190+00:00,252,BARRACAS,17,4,3,0,2025-05-02 17:06:43+00:00
2025-05-02 17:08:43.822190+00:00,253,ALMAGRO,0,0,16,0,2025-05-02 17:05:45+00:00
2025-05-02 17:08:43.822190+00:00,254,CABALLITO,3,0,13,0,2025-05-02 17:05:20+00:00
2025-05-02 17:08:43.822190+00:00,255,CABALLITO,0,0,20,0,2025-05-02 17:05:31+00:00
2025-05-02 17:08:43.822190+00:00,257,VILLA URQUIZA,2,0,14,0,2025-05-02 17:06:10+00:00
2025-05-02 17:08:43.822190+00:00,258,BELGRANO,1,1,14,0,2025-05-02 17:05:33+00:00
2025-05-02 17:08:43.822190+00:00,259,BELGRANO,5,0,11,0,2025-05-02 17:08:08+00:00
2025-05-02 17:08:43.822190+00:00,260,BELGRANO,10,1,1,0,2025-05-02 17:07:33+00:00
2025-05-02 17:08:43.822190+00:00,261,CABALLITO,1,2,13,0,2025-05-02 17:07:24+00:00
2025-05-02 17:08:43.822190+00:00,262,VILLA GENERAL MITRE,3,2,11,0,2025-05-02 17:06:23+00:00
2025-05-02 17:08:43.822190+00:00,263,FLORES,10,5,5,0,2025-05-02 16:58:59+00:00
2025-05-02 17:08:43.822190+00:00,264,SAAVEDRA,0,0,16,0,2025-05-02 17:06:59+00:00
2025-05-02 17:08:43.822190+00:00,265,FLORES,15,1,4,0,2025-05-02 17:06:39+00:00
2025-05-02 17:08:43.822190+00:00,267,VILLA DEVOTO,2,1,13,0,2025-05-02 17:07:21+00:00
2025-05-02 17:08:43.822190+00:00,268,SAAVEDRA,20,2,14,1,2025-05-02 17:07:23+00:00
2025-05-02 17:08:43.822190+00:00,269,COLEGIALES,2,0,16,0,2025-05-02 17:07:25+00:00
2025-05-02 17:08:43.822190+00:00,270,PARQUE CHACABUCO,8,2,10,0,2025-05-02 17:08:05+00:00
2025-05-02 17:08:43.822190+00:00,271,FLORES,12,2,6,0,2025-05-02 17:05:50+00:00
2025-05-02 17:08:43.822190+00:00,273,CABALLITO,5,4,7,0,2025-05-02 17:06:02+00:00
2025-05-02 17:08:43.822190+00:00,275,BELGRANO,9,1,10,0,2025-05-02 17:07:43+00:00
2025-05-02 17:08:43.822190+00:00,277,PALERMO,7,0,11,0,2025-05-02 17:05:23+00:00
2025-05-02 17:08:43.822190+00:00,278,COGHLAN,0,1,15,0,2025-05-02 17:05:18+00:00
2025-05-02 17:08:43.822190+00:00,280,PARQUE CHACABUCO,17,3,0,0,2025-05-02 17:05:43+00:00
2025-05-02 17:08:43.822190+00:00,281,CABALLITO,15,9,0,0,2025-05-02 14:21:18+00:00
2025-05-02 17:08:43.822190+00:00,284,PARQUE CHACABUCO,15,0,5,0,2025-05-02 17:06:06+00:00
2025-05-02 17:08:43.822190+00:00,289,BELGRANO,5,3,16,1,2025-05-02 17:06:44+00:00
2025-05-02 17:08:43.822190+00:00,291,MONSERRAT,1,0,15,0,2025-05-02 17:06:50+00:00
2025-05-02 17:08:43.822190+00:00,299,FLORES,7,0,13,0,2025-05-02 17:03:50+00:00
2025-05-02 17:08:43.822190+00:00,301,VILLA SOLDATI,2,0,18,0,2025-05-02 17:06:57+00:00
2025-05-02 17:08:43.822190+00:00,302,NUEVA POMPEYA,11,3,2,0,2025-05-02 17:05:49+00:00
2025-05-02 17:08:43.822190+00:00,304,AGRONOMIA,6,0,14,1,2025-05-02 17:06:23+00:00
2025-05-02 17:08:43.822190+00:00,307,NUEVA POMPEYA,5,0,7,0,2025-05-02 17:06:57+00:00
2025-05-02 17:08:43.822190+00:00,308,PALERMO,5,2,13,0,2025-05-02 17:07:46+00:00
2025-05-02 17:08:43.822190+00:00,309,VILLA REAL,15,1,0,0,2025-05-02 17:06:49+00:00
2025-05-02 17:08:43.822190+00:00,310,VILLA LUGANO,0,0,12,0,2025-05-02 17:06:51+00:00
2025-05-02 17:08:43.822190+00:00,311,PATERNAL,4,2,10,0,2025-05-02 17:08:02+00:00
2025-05-02 17:08:43.822190+00:00,316,VILLA CRESPO,9,0,19,0,2025-05-02 17:07:26+00:00
2025-05-02 17:08:43.822190+00:00,318,VILLA CRESPO,14,2,4,0,2025-05-02 17:05:14+00:00
2025-05-02 17:08:43.822190+00:00,322,BELGRANO,0,0,20,0,2025-05-02 17:06:26+00:00
2025-05-02 17:08:43.822190+00:00,323,BELGRANO,4,0,20,2,2025-05-02 17:06:29+00:00
2025-05-02 17:08:43.822190+00:00,324,VILLA URQUIZA,1,2,13,0,2025-05-02 17:05:36+00:00
2025-05-02 17:08:43.822190+00:00,327,VILLA LUGANO,4,0,8,0,2025-05-02 17:06:08+00:00
2025-05-02 17:08:43.822190+00:00,329,VILLA CRESPO,2,0,18,0,2025-05-02 17:07:23+00:00
2025-05-02 17:08:43.822190+00:00,330,PATERNAL,7,1,12,0,2025-05-02 17:06:41+00:00
2025-05-02 17:08:43.822190+00:00,333,DEVOTO,2,1,17,0,2025-05-02 17:07:27+00:00
2025-05-02 17:08:43.822190+00:00,335,VILLA GENERAL MITRE,11,0,9,0,2025-05-02 17:06:14+00:00
2025-05-02 17:08:43.822190+00:00,336,DEVOTO,11,0,17,0,2025-05-02 17:05:44+00:00
2025-05-02 17:08:43.822190+00:00,340,Nuñez,0,2,18,0,2025-05-02 17:06:44+00:00
2025-05-02 17:08:43.822190+00:00,342,VILLA SANTA RITA,15,2,3,0,2025-05-02 17:05:58+00:00
2025-05-02 17:08:43.822190+00:00,348,VILLA GENERAL MITRE,5,2,5,0,2025-05-02 17:08:12+00:00
2025-05-02 17:08:43.822190+00:00,349,BELGRANO,3,0,13,0,2025-05-02 17:05:53+00:00
2025-05-02 17:08:43.822190+00:00,353,PUERTO MADERO,2,1,25,0,2025-05-02 17:07:01+00:00
2025-05-02 17:08:43.822190+00:00,355,PALERMO,1,3,12,0,2025-05-02 17:07:26+00:00
2025-05-02 17:08:43.822190+00:00,358,BELGRANO,1,1,18,0,2025-05-02 16:59:14+00:00
2025-05-02 17:08:43.822190+00:00,359,BELGRANO,6,2,12,0,2025-05-02 17:06:43+00:00
2025-05-02 17:08:43.822190+00:00,361,COLEGIALES,1,2,13,0,2025-05-02 17:06:50+00:00
2025-05-02 17:08:43.822190+00:00,362,VILLA URQUIZA,0,2,10,0,2025-05-02 17:07:21+00:00
2025-05-02 17:08:43.822190+00:00,363,FLORES,9,0,7,0,2025-05-02 17:06:44+00:00
2025-05-02 17:08:43.822190+00:00,364,PALERMO,3,1,24,1,2025-05-02 17:07:50+00:00
2025-05-02 17:08:43.822190+00:00,366,VELEZ SARFIELD,7,0,5,0,2025-05-02 17:08:01+00:00
2025-05-02 17:08:43.822190+00:00,367,VILLA SANTA RITA,8,0,8,0,2025-05-02 17:08:15+00:00
2025-05-02 17:08:43.822190+00:00,368,AGRONOMIA,4,0,8,0,2025-05-02 16:59:53+00:00
2025-05-02 17:08:43.822190+00:00,369,AGRONOMIA,5,0,11,0,2025-05-02 17:05:47+00:00
2025-05-02 17:08:43.822190+00:00,370,AGRONOMIA,0,0,20,0,2025-05-02 17:06:26+00:00
2025-05-02 17:08:43.822190+00:00,371,FLORES,2,1,9,1,2025-05-02 17:06:15+00:00
2025-05-02 17:08:43.822190+00:00,372,FLORES,19,1,0,0,2025-05-02 17:08:01+00:00
2025-05-02 17:08:43.822190+00:00,373,PARQUE CHAS,1,1,18,0,2025-05-02 17:06:29+00:00
2025-05-02 17:08:43.822190+00:00,374,PARQUE AVELLANEDA,10,2,4,0,2025-05-02 17:05:18+00:00
2025-05-02 17:08:43.822190+00:00,375,VILLA DEL PARQUE,4,2,10,0,2025-05-02 17:06:15+00:00
2025-05-02 17:08:43.822190+00:00,376,FLORESTA,18,1,5,0,2025-05-02 17:06:59+00:00
2025-05-02 17:08:43.822190+00:00,378,FLORES,5,0,15,0,2025-05-02 17:07:12+00:00
2025-05-02 17:08:43.822190+00:00,379,PALERMO,6,5,9,1,2025-05-02 17:06:52+00:00
2025-05-02 17:08:43.822190+00:00,381,VILLA GENERAL MITRE,4,0,12,0,2025-05-02 17:08:09+00:00
2025-05-02 17:08:43.822190+00:00,382,VILLA DEL PARQUE,5,0,11,0,2025-05-02 17:07:50+00:00
2025-05-02 17:08:43.822190+00:00,383,VILLA URQUIZA,11,2,7,0,2025-05-02 17:02:09+00:00
2025-05-02 17:08:43.822190+00:00,384,VILLA ORTUZAR,2,0,16,0,2025-05-02 17:07:55+00:00
2025-05-02 17:08:43.822190+00:00,385,VILLA DEL PARQUE,4,0,12,0,2025-05-02 17:06:10+00:00
2025-05-02 17:08:43.822190+00:00,386,COGHLAN,0,2,6,0,2025-05-02 17:08:01+00:00
2025-05-02 17:08:43.822190+00:00,387,PATERNAL,7,0,9,0,2025-05-02 17:08:12+00:00
2025-05-02 17:08:43.822190+00:00,392,COGHLAN,2,2,12,0,2025-05-02 17:08:05+00:00
2025-05-02 17:08:43.822190+00:00,393,PATERNAL,4,1,15,0,2025-05-02 17:06:54+00:00
2025-05-02 17:08:43.822190+00:00,395,VILLA CRESPO,12,0,4,0,2025-05-02 17:06:42+00:00
2025-05-02 17:08:43.822190+00:00,400,VILLA ORTUZAR,4,0,16,0,2025-05-02 17:06:56+00:00
2025-05-02 17:08:43.822190+00:00,403,BARRACAS,13,2,5,0,2025-05-02 17:05:49+00:00
2025-05-02 17:08:43.822190+00:00,407,PARQUE AVELLANEDA,12,1,3,0,2025-05-02 17:01:41+00:00
2025-05-02 17:08:43.822190+00:00,408,VILLA URQUIZA,11,0,5,0,2025-05-02 17:07:32+00:00
2025-05-02 17:08:43.822190+00:00,412,VILLA SOLDATI,0,0,12,0,2025-05-02 17:07:46+00:00
2025-05-02 17:08:43.822190+00:00,413,MATADEROS,7,0,1,0,2025-05-02 17:06:27+00:00
2025-05-02 17:08:43.822190+00:00,414,CABALLITO,2,0,14,0,2025-05-02 17:07:29+00:00
2025-05-02 17:08:43.822190+00:00,416,Nuñez,6,1,13,0,2025-05-02 17:05:51+00:00
2025-05-02 17:08:43.822190+00:00,417,VILLA URQUIZA,7,0,13,0,2025-05-02 17:06:45+00:00
2025-05-02 17:08:43.822190+00:00,418,COLEGIALES,9,0,7,0,2025-05-02 17:05:50+00:00
2025-05-02 17:08:43.822190+00:00,420,BELGRANO,5,1,6,0,2025-05-02 17:08:03+00:00
2025-05-02 17:08:43.822190+00:00,422,SAAVEDRA,12,3,1,0,2025-05-02 17:07:13+00:00
2025-05-02 17:08:43.822190+00:00,423,SAAVEDRA,0,1,11,0,2025-05-02 17:06:33+00:00
2025-05-02 17:08:43.822190+00:00,424,PARQUE PATRICIOS,6,4,2,0,2025-05-02 17:06:04+00:00
2025-05-02 17:08:43.822190+00:00,425,NUEVA POMPEYA,14,0,6,0,2025-05-02 17:06:43+00:00
2025-05-02 17:08:43.822190+00:00,426,BELGRANO,7,3,10,2,2025-05-02 17:01:18+00:00
2025-05-02 17:08:43.822190+00:00,427,LINIERS,9,0,7,0,2025-05-02 17:06:00+00:00
2025-05-02 17:08:43.822190+00:00,428,PARQUE CHAS,6,0,14,0,2025-05-02 17:07:35+00:00
2025-05-02 17:08:43.822190+00:00,429,VILLA LURO,7,3,6,0,2025-05-02 17:07:18+00:00
2025-05-02 17:08:43.822190+00:00,431,BELGRANO,8,4,8,0,2025-05-02 17:05:34+00:00
2025-05-02 17:08:43.822190+00:00,432,CABALLITO,3,5,20,0,2025-05-02 17:06:07+00:00
2025-05-02 17:08:43.822190+00:00,433,BARRACAS,14,7,3,0,2025-05-02 17:06:28+00:00
2025-05-02 17:08:43.822190+00:00,434,Nuñez,0,1,19,0,2025-05-02 17:07:44+00:00
2025-05-02 17:08:43.822190+00:00,435,Nuñez,3,2,19,0,2025-05-02 17:06:04+00:00
2025-05-02 17:08:43.822190+00:00,436,PALERMO,0,0,16,0,2025-05-02 17:06:20+00:00
2025-05-02 17:08:43.822190+00:00,440,PALERMO,6,1,9,0,2025-05-02 17:07:51+00:00
2025-05-02 17:08:43.822190+00:00,444,SAN NICOLAS,0,2,22,0,2025-05-02 17:08:08+00:00
2025-05-02 17:08:43.822190+00:00,449,FLORES,16,0,4,0,2025-05-02 13:39:33+00:00
2025-05-02 17:08:43.822190+00:00,453,VELEZ SARFIELD,6,1,13,0,2025-05-02 17:05:49+00:00
2025-05-02 17:08:43.822190+00:00,454,VILLA LURO,7,1,4,1,2025-05-02 17:06:41+00:00
2025-05-02 17:08:43.822190+00:00,455,VERSALLES,11,3,2,0,2025-05-02 17:06:38+00:00
2025-05-02 17:08:43.822190+00:00,457,VERSALLES,9,0,7,0,2025-05-02 16:17:30+00:00
2025-05-02 17:08:43.822190+00:00,458,PARQUE CHACABUCO,8,4,8,0,2025-05-02 17:05:33+00:00
2025-05-02 17:08:43.822190+00:00,460,VILLA DEVOTO,2,1,13,0,2025-05-02 17:05:46+00:00
2025-05-02 17:08:43.822190+00:00,461,PARQUE CHAS,1,0,19,0,2025-05-02 17:07:11+00:00
2025-05-02 17:08:43.822190+00:00,464,BELGRANO,12,0,8,0,2025-05-02 13:50:19+00:00
2025-05-02 17:08:43.822190+00:00,465,VILLA DEVOTO,0,2,10,0,2025-05-02 17:06:14+00:00
2025-05-02 17:08:43.822190+00:00,466,ALMAGRO,5,4,11,0,2025-05-02 17:06:27+00:00
2025-05-02 17:08:43.822190+00:00,468,BALVANERA,0,5,3,0,2025-05-02 17:06:19+00:00
2025-05-02 17:08:43.822190+00:00,469,VILLA DEVOTO,0,2,14,0,2025-05-02 17:06:24+00:00
2025-05-02 17:08:43.822190+00:00,471,VILLA DEVOTO,2,2,8,0,2025-05-02 17:06:18+00:00
2025-05-02 17:08:43.822190+00:00,472,COLEGIALES,4,0,12,0,2025-05-02 17:08:07+00:00
2025-05-02 17:08:43.822190+00:00,473,VILLA SANTA RITA,5,0,7,0,2025-05-02 17:06:33+00:00
2025-05-02 17:08:43.822190+00:00,474,MONTE CASTRO,12,0,4,0,2025-05-02 17:07:24+00:00
2025-05-02 17:08:43.822190+00:00,475,VILLA LURO,2,3,7,0,2025-05-02 17:06:18+00:00
2025-05-02 17:08:43.822190+00:00,476,MONTE CASTRO,6,0,6,0,2025-05-02 17:08:00+00:00
2025-05-02 17:08:43.822190+00:00,477,PARQUE PATRICIOS,2,2,8,0,2025-05-02 17:07:06+00:00
2025-05-02 17:08:43.822190+00:00,478,COLEGIALES,4,2,6,0,2025-05-02 17:06:26+00:00
2025-05-02 17:08:43.822190+00:00,479,CABALLITO,14,0,10,0,2025-05-02 17:06:41+00:00
2025-05-02 17:08:43.822190+00:00,480,FLORESTA,5,2,5,0,2025-05-02 17:08:06+00:00
2025-05-02 17:08:43.822190+00:00,481,LINIERS,10,0,6,0,2025-05-02 17:07:21+00:00
2025-05-02 17:08:43.822190+00:00,482,PALERMO,2,1,9,0,2025-05-02 15:26:17+00:00
2025-05-02 17:08:43.822190+00:00,483,SAAVEDRA,1,1,10,0,2025-05-02 17:08:05+00:00
2025-05-02 17:08:43.822190+00:00,484,SAAVEDRA,0,2,10,0,2025-05-02 17:06:10+00:00
2025-05-02 17:08:43.822190+00:00,486,Nuñez,0,1,11,0,2025-05-02 17:07:52+00:00
2025-05-02 17:08:43.822190+00:00,487,BELGRANO,2,0,10,0,2025-05-02 17:05:42+00:00
2025-05-02 17:08:43.822190+00:00,488,VILLA URQUIZA,3,3,6,0,2025-05-02 17:06:30+00:00
2025-05-02 17:08:43.822190+00:00,489,BELGRANO,3,1,12,0,2025-05-02 17:07:36+00:00
2025-05-02 17:08:43.822190+00:00,490,PALERMO,6,4,6,0,2025-05-02 17:05:45+00:00
2025-05-02 17:08:43.822190+00:00,491,CABALLITO,0,2,14,0,2025-05-02 17:05:24+00:00
2025-05-02 17:08:43.822190+00:00,492,ALMAGRO,7,4,9,0,2025-05-02 15:50:19+00:00
2025-05-02 17:08:43.822190+00:00,493,PATERNAL,7,0,1,0,2025-05-02 17:05:54+00:00
2025-05-02 17:08:43.822190+00:00,494,VILLA DEVOTO,7,2,3,0,2025-05-02 13:41:35+00:00
2025-05-02 17:08:43.822190+00:00,496,VILLA PUYRREDON,3,1,8,0,2025-05-02 17:05:43+00:00
2025-05-02 17:08:43.822190+00:00,497,VILLA URQUIZA,8,0,4,0,2025-05-02 17:05:30+00:00
2025-05-02 17:08:43.822190+00:00,498,VILLA PUYRREDON,3,4,5,0,2025-05-02 17:06:05+00:00
2025-05-02 17:08:43.822190+00:00,499,CABALLITO,1,4,11,0,2025-05-02 17:05:42+00:00
2025-05-02 17:08:43.822190+00:00,500,Nuñez,0,3,13,1,2025-05-02 13:49:56+00:00
2025-05-02 17:08:43.822190+00:00,501,Nuñez,5,0,11,0,2025-05-02 17:08:03+00:00
2025-05-02 17:08:43.822190+00:00,502,SAAVEDRA,0,1,14,0,2025-05-02 17:06:46+00:00
2025-05-02 17:08:43.822190+00:00,503,CABALLITO,3,3,14,1,2025-05-02 17:06:40+00:00
2025-05-02 17:08:43.822190+00:00,504,FLORES,11,1,0,0,2025-05-02 17:08:00+00:00
2025-05-02 17:08:43.822190+00:00,505,VILLA SANTA RITA,5,0,11,0,2025-05-02 17:08:10+00:00
2025-05-02 17:08:43.822190+00:00,507,VILLA SOLDATI,5,1,10,1,2025-05-02 17:07:18+00:00
2025-05-02 17:08:43.822190+00:00,508,VILLA LURO,4,1,7,0,2025-05-02 17:07:53+00:00
2025-05-02 17:08:43.822190+00:00,509,VELEZ SARFIELD,7,1,4,0,2025-05-02 17:05:54+00:00
2025-05-02 17:08:43.822190+00:00,511,VILLA ORTUZAR,4,0,12,0,2025-05-02 17:07:26+00:00
2025-05-02 17:08:43.822190+00:00,512,PARQUE CHAS,6,0,14,0,2025-05-02 17:05:58+00:00
2025-05-02 17:08:43.822190+00:00,513,AGRONOMIA,2,0,10,0,2025-05-02 17:07:07+00:00
2025-05-02 17:08:43.822190+00:00,515,PALERMO,7,1,7,0,2025-05-02 17:05:30+00:00
2025-05-02 17:08:43.822190+00:00,516,PALERMO,6,4,10,0,2025-05-02 17:05:38+00:00
2025-05-02 17:08:43.822190+00:00,517,PALERMO,0,0,16,1,2025-05-02 17:05:53+00:00
2025-05-02 17:08:43.822190+00:00,518,PALERMO,4,2,6,0,2025-05-02 17:05:27+00:00
2025-05-02 17:08:43.822190+00:00,519,RETIRO,0,1,19,0,2025-05-02 17:06:33+00:00
2025-05-02 17:08:43.822190+00:00,520,VILLA SOLDATI,6,0,10,0,2025-05-02 17:06:17+00:00
2025-05-02 17:08:43.822190+00:00,521,PATERNAL,6,0,10,0,2025-05-02 17:07:59+00:00
2025-05-02 17:08:43.822190+00:00,522,VILLA CRESPO,4,0,12,0,2025-05-02 17:07:30+00:00
2025-05-02 17:08:43.822190+00:00,524,BELGRANO,2,3,7,0,2025-05-02 17:06:43+00:00
2025-05-02 17:08:43.822190+00:00,525,Nuñez,0,2,14,0,2025-05-02 17:07:22+00:00
2025-05-02 17:08:43.822190+00:00,526,Nuñez,0,1,11,0,2025-05-02 17:07:18+00:00
2025-05-02 17:08:43.822190+00:00,527,VILLA CRESPO,8,0,4,0,2025-05-02 16:21:00+00:00
2025-05-02 17:08:43.822190+00:00,528,VILLA LURO,6,0,10,0,2025-05-02 17:05:57+00:00
2025-05-02 17:08:43.822190+00:00,530,CABALLITO,9,0,11,0,2025-05-02 17:05:48+00:00
2025-05-02 17:08:43.822190+00:00,531,VERSALLES,2,3,15,0,2025-05-02 17:06:02+00:00
2025-05-02 17:08:43.822190+00:00,532,VILLA URQUIZA,15,0,5,0,2025-05-02 17:01:03+00:00
2025-05-02 17:08:43.822190+00:00,533,SAAVEDRA,3,2,15,1,2025-05-02 17:08:07+00:00
2025-05-02 17:08:43.822190+00:00,534,PALERMO,9,4,11,0,2025-05-02 17:07:43+00:00
2025-05-02 17:08:43.822190+00:00,535,VILLA CRESPO,8,0,12,1,2025-05-02 17:07:40+00:00
2025-05-02 17:08:43.822190+00:00,536,RETIRO,2,0,18,0,2025-05-02 17:08:01+00:00
2025-05-02 17:08:43.822190+00:00,537,COLEGIALES,1,3,8,0,2025-05-02 17:07:47+00:00
2025-05-02 17:08:43.822190+00:00,538,Nuñez,3,1,12,0,2025-05-02 17:07:24+00:00
2025-05-02 17:08:43.822190+00:00,539,CONSTITUCION,1,3,16,0,2025-05-02 17:06:47+00:00
2025-05-02 17:08:43.822190+00:00,540,PALERMO,12,3,3,0,2025-05-02 17:06:31+00:00
2025-05-02 17:08:43.822190+00:00,541,PALERMO,2,1,9,0,2025-05-02 17:07:12+00:00
2025-05-02 17:08:43.822190+00:00,542,PALERMO,4,5,7,0,2025-05-02 17:07:27+00:00
2025-05-02 17:08:43.822190+00:00,543,PUERTO MADERO,0,0,16,0,2025-05-02 17:06:48+00:00
2025-05-02 17:08:43.822190+00:00,544,SAN NICOLAS,0,9,15,1,2025-05-02 17:05:15+00:00
2025-05-02 17:08:43.822190+00:00,545,CABALLITO,4,4,12,0,2025-05-02 17:05:27+00:00
2025-05-02 17:08:43.822190+00:00,546,PARQUE CHACABUCO,6,1,9,0,2025-05-02 17:07:29+00:00
2025-05-02 17:08:43.822190+00:00,547,ALMAGRO,7,2,11,1,2025-05-02 17:05:56+00:00
2025-05-02 17:08:43.822190+00:00,548,VILLA RIACHUELO,5,1,14,0,2025-05-02 17:05:30+00:00
2025-05-02 17:08:43.822190+00:00,549,LINIERS,13,1,2,0,2025-05-02 17:05:19+00:00
2025-05-02 17:08:43.822190+00:00,550,LINIERS,11,1,8,1,2025-05-02 17:05:57+00:00
2025-05-02 17:08:43.822190+00:00,551,LINIERS,9,0,11,0,2025-05-02 17:05:55+00:00
2025-05-02 17:08:43.822190+00:00,552,VILLA DEVOTO,1,0,15,2,2025-05-02 17:08:11+00:00
2025-05-02 17:08:43.822190+00:00,553,VILLA PUYRREDON,1,3,12,0,2025-05-02 17:06:35+00:00
2025-05-02 17:08:43.822190+00:00,554,VILLA URQUIZA,1,0,15,0,2025-05-02 17:06:02+00:00
2025-05-02 17:08:43.822190+00:00,555,SAAVEDRA,6,1,9,1,2025-05-02 17:06:12+00:00
2025-05-02 17:08:43.822190+00:00,556,PALERMO,10,0,10,1,2025-05-02 17:07:32+00:00
2025-05-02 17:08:43.822190+00:00,557,RECOLETA,0,9,7,0,2025-05-02 17:06:58+00:00
2025-05-02 17:08:43.822190+00:00,558,CONSTITUCION,1,0,15,0,2025-05-02 17:06:25+00:00
2025-05-02 17:08:43.822190+00:00,559,PARQUE AVELLANEDA,11,5,4,0,2025-05-02 17:06:10+00:00
2025-05-02 17:08:43.822190+00:00,560,MATADEROS,8,0,12,0,2025-05-02 17:06:51+00:00
2025-05-02 17:08:43.822190+00:00,561,PARQUE AVELLANEDA,16,0,0,0,2025-05-02 17:07:31+00:00
2025-05-02 17:08:43.822190+00:00,562,NUEVA POMPEYA,13,2,5,0,2025-05-02 17:06:38+00:00
2025-05-02 17:08:43.822190+00:00,563,VILLA URQUIZA,12,3,1,0,2025-05-02 17:06:37+00:00
2025-05-02 17:08:43.822190+00:00,564,VILLA URQUIZA,1,0,15,0,2025-05-02 17:05:54+00:00
2025-05-02 17:08:43.822190+00:00,565,VILLA ORTUZAR,1,1,14,0,2025-05-02 17:08:09+00:00
2025-05-02 17:08:43.822190+00:00,566,VILLA DEVOTO,6,3,11,0,2025-05-02 17:06:50+00:00
2025-05-02 17:08:43.822190+00:00,567,RETIRO,1,3,16,0,2025-05-02 17:06:25+00:00
2025-05-02 17:08:43.822190+00:00,568,PALERMO,13,1,6,0,2025-05-02 17:06:57+00:00
2025-05-02 17:08:43.822190+00:00,569,PALERMO,7,0,13,0,2025-05-02 17:06:45+00:00
2025-05-02 17:08:43.822190+00:00,570,PUERTO MADERO,0,2,18,0,2025-05-02 17:08:05+00:00
2025-05-02 17:08:43.822190+00:00,572,FLORES,6,0,10,0,2025-05-02 17:05:46+00:00
2025-05-02 17:08:43.822190+00:00,573,BARRACAS,14,2,0,0,2025-05-02 17:07:26+00:00
2025-05-02 17:08:43.822190+00:00,574,VILLA PUYRREDON,3,3,10,0,2025-05-02 17:05:34+00:00
2025-05-02 17:08:43.822190+00:00,575,COGHLAN,2,0,14,0,2025-05-02 17:06:09+00:00
2025-05-02 17:08:43.822190+00:00,576,PALERMO,1,0,23,0,2025-05-02 17:06:35+00:00
2025-05-02 17:08:43.822190+00:00,577,SAAVEDRA,18,0,0,0,2025-05-02 17:07:24+00:00
2025-05-02 17:08:43.822190+00:00,579,VILLA SANTA RITA,7,0,13,0,2025-05-02 17:05:31+00:00
2025-05-02 17:08:43.822190+00:00,580,BOEDO,7,0,13,0,2025-05-02 17:05:49+00:00
2025-05-02 17:08:43.822190+00:00,581,BOEDO,2,0,18,0,2025-05-02 17:07:46+00:00
2025-05-02 17:08:43.822190+00:00,582,CABALLITO,2,1,13,0,2025-05-02 17:06:48+00:00
2025-05-02 17:08:43.822190+00:00,583,VILLA SANTA RITA,3,0,13,1,2025-05-02 17:06:43+00:00
2025-05-02 17:08:43.822190+00:00,584,MATADEROS,12,2,6,0,2025-05-02 17:05:09+00:00
2025-05-02 17:08:43.822190+00:00,585,VILLA SANTA RITA,0,0,16,0,2025-05-02 17:06:03+00:00
2025-05-02 17:08:43.822190+00:00,586,VILLA DEL PARQUE,5,0,11,0,2025-05-02 17:06:05+00:00
2025-05-02 17:08:43.822190+00:00,587,CABALLITO,7,2,11,0,2025-05-02 17:05:42+00:00
2025-05-02 17:08:43.822190+00:00,588,VILLA CRESPO,6,5,5,0,2025-05-02 17:08:07+00:00
2025-05-02 17:08:43.822190+00:00,589,BALVANERA,0,0,16,1,2025-05-02 17:06:07+00:00
2025-05-02 17:08:43.822190+00:00,590,PALERMO,0,4,12,0,2025-05-02 17:04:06+00:00
2025-05-02 17:08:43.822190+00:00,591,DEVOTO,0,2,14,0,2025-05-02 17:07:47+00:00
